Tahun;P;Provinsi;Kabupaten/Kota;Nama Fasilitas;Jenis;Status;Sampahmasuk (ton/thn);Sampahterkelola (ton/thn);Bahan baku Pakan Ternak;Bahan baku Kompos;Bahan baku Daur Ulang;Bahan baku Up-cycle;Bahan baku Sumber Energi;Alamat;Kelurahan;Kecamatan;Pengelola
2022;2;Aceh;Kota Banda Aceh;Bank Sampah Induk Sadar Mandiri;BSI;A;1.636,30;1.498,11;0,00;0,00;1.498,11;0,00;0,00;Jl Tgk  Dianjong;kampung jawa;kuta raja;Masyarakat
2022;2;Aceh;Kota Langsa;Bank Sampah Induk Srikandi;BSI;A;120,45;118,63;0,00;7,30;27,38;83,95;0,00;Jalan Prof. Majid Ibrahim No. 100;Matang Seulimeng;Langsa Barat;Masyarakat
2022;2;Sumatera Utara;Kab. Tapanuli Selatan;Bank Sampah Bintuju;BSI;A;51,10;0,00;0,00;0,00;0,00;0,00;0,00;Jl. Mandailing KM 14 Kelurahan Bintuju Kecamatan Angkola Muaratais;;;LSM
2022;2;Sumatera Utara;Kab. Langkat;Bank Sampah Induk Stabat;BSI;A;839,50;748,25;0,00;0,00;748,25;0,00;0,00;Jl Karya Bakti;sidomulyo;stabat;Masyarakat
2022;2;Sumatera Utara;Kab. Langkat;Bank Sampah Induk Kuala;BSI;A;1.785,58;1.509,65;0,00;0,00;1.261,88;247,77;0,00;Jln Binjai Kuala  No 124;Bela Rakyat;Kuala;Masyarakat
2022;2;Sumatera Utara;Kab. Langkat;sumatera trash bank;BSI;A;511,00;434,72;0,00;0,00;434,72;0,00;0,00;bukit lawang;bahorok;bahorok;Masyarakat
2022;2;Sumatera Utara;Kab. Langkat;Bank Sampah Induk Stabat;BSI;A;839,50;748,25;0,00;0,00;748,25;0,00;0,00;Jl Karya Bakti;sidomulyo;stabat;Masyarakat
2022;2;Sumatera Utara;Kab. Langkat;Bank Sampah Induk Kuala;BSI;A;1.785,58;1.509,65;0,00;0,00;1.261,88;247,77;0,00;Jln Binjai Kuala  No 124;Bela Rakyat;Kuala;Masyarakat
2022;2;Sumatera Utara;Kab. Langkat;sumatera trash bank;BSI;A;511,00;434,72;0,00;0,00;434,72;0,00;0,00;bukit lawang;bahorok;bahorok;Masyarakat
2022;2;Sumatera Utara;Kab. Deli Serdang;Bank Sampah Induk Sunggal Mandiri;BSI;A;730,00;730,00;0,00;0,00;730,00;0,00;0,00;Jl. Melati No.56, dusun VIII;;;Masyarakat
2022;2;Sumatera Utara;Kab. Deli Serdang;Bank Sampah Induk SUNGGAL MANDIRI;BSI;A;73,00;73,00;0,00;0,00;73,00;0,00;0,00;Bintang Terang Gg. Asem XVII;Muliorejo;Sunggal;Masyarakat
2022;2;Sumatera Utara;Kab. Deli Serdang;BANK SAMPAH INDUK BERSERI;BSI;A;182,50;0,00;0,00;0,00;0,00;0,00;0,00;Jalan Inpres;;;Masyarakat
2022;2;Sumatera Utara;Kab. Deli Serdang;Bank Sampah Induk Sunggal Mandiri;BSI;A;730,00;730,00;0,00;0,00;730,00;0,00;0,00;Jl. Melati No.56, dusun VIII;;;Masyarakat
2022;2;Sumatera Utara;Kab. Deli Serdang;Bank Sampah Induk SUNGGAL MANDIRI;BSI;A;73,00;73,00;0,00;0,00;73,00;0,00;0,00;Bintang Terang Gg. Asem XVII;Muliorejo;Sunggal;Masyarakat
2022;2;Sumatera Utara;Kab. Deli Serdang;BANK SAMPAH INDUK BERSERI;BSI;A;182,50;0,00;0,00;0,00;0,00;0,00;0,00;Jalan Inpres;;;Masyarakat
2022;2;Sumatera Utara;Kab. Simalungun;Simpati Sait Buttu;BSI;A;365,00;7,30;3,65;3,65;0,00;0,00;0,00;Pamatang Sidamanik;;;Masyarakat
2022;2;Sumatera Utara;Kab. Simalungun;Simpati Sait Buttu;BSI;A;365,00;7,30;3,65;3,65;0,00;0,00;0,00;Pamatang Sidamanik;;;Masyarakat
2022;2;Sumatera Utara;Kab. Asahan;Bank Sampah Srikandi;BSI;A;1,46;0,00;0,00;0,00;0,00;0,00;0,00;Jl. W.R. Supratman No. 13;Lestari;Kisaran Timur;Pemda
2022;2;Sumatera Utara;Kab. Toba;Bank Sampah Tarhilala;BSI;A;150,43;150,43;0,00;0,00;150,43;0,00;0,00;Jl. Raya Balige, Ds Lbn Pea Timur;;;Pemda
2022;2;Sumatera Utara;Kab. Toba;Bank Sampah Ias Toba;BSI;A;63,34;63,25;0,00;0,00;63,25;0,00;0,00;jl. Somba Debata No. 7 Balige;;;Pemda
2022;2;Sumatera Utara;Kab. Toba;Bank Sampah Tarhilala;BSI;A;150,43;150,43;0,00;0,00;150,43;0,00;0,00;Jl. Raya Balige, Ds Lbn Pea Timur;;;Pemda
2022;2;Sumatera Utara;Kab. Toba;Bank Sampah Ias Toba;BSI;A;63,34;63,25;0,00;0,00;63,25;0,00;0,00;jl. Somba Debata No. 7 Balige;;;Pemda
2022;2;Sumatera Utara;Kota Medan;BSI Sicanang;BSI;A;6.570,00;2.920,00;730,00;365,00;1.825,00;0,00;0,00;Jalan Kelapa Blok 21 Link 19;Kelurahan Belawan Sicanang;Medan Belawan;Masyarakat
2022;2;Sumatera Utara;Kota Medan;BSI- New Normal;BSI;A;730.000,00;0,00;0,00;0,00;0,00;0,00;0,00;Jl. Ring Road Pasar I Gg. Mekar Mulio;;;Masyarakat
2022;2;Sumatera Utara;Kota Pematang Siantar;BANK SAMPAH INDUK KOTA PEMATANGSIANTAR;BSI;A;182,50;182,50;10,95;146,00;25,55;0,00;0,00;Jl. AMD (Komples Terminal Tanjung Pinggir);Tanjung Tongah;Siantar Martoba;Pemda
2022;2;Sumatera Utara;Kota Tebing Tinggi;Bank Sampah Induk BAJA;BSI;A;723,88;723,88;0,00;0,00;723,88;0,00;0,00;JL. Baja;Tebing Tinggi;Padang Hilir;LSM
2022;2;Sumatera Utara;Kota Tebing Tinggi;Bank Sampah Induk NEW KARYA MANDIRI;BSI;A;272,91;272,91;0,00;0,00;264,15;8,76;0,00;Jl. Bukit Bundar  LK 3;Lalang;Rambutan;LSM
2022;2;Sumatera Barat;Kab. Pesisir Selatan;Bank Sampah Induk HIGEMPAMA;BSI;A;365,00;365,00;0,00;0,00;365,00;0,00;0,00;Jl. Painan - Bengkulu;Painan Selatan;IV Jurai;Masyarakat
2022;2;Sumatera Barat;Kab. Pesisir Selatan;Bank Sampah Induk HIGEMPAMA;BSI;A;365,00;365,00;0,00;0,00;365,00;0,00;0,00;Jl. Painan - Bengkulu;Painan Selatan;IV Jurai;Masyarakat
2022;2;Sumatera Barat;Kab. Sijunjung;Bank Sampah Induk Lansek Manih;BSI;A;554,80;554,80;0,00;0,00;554,80;0,00;0,00;Muaro;Muaro;Sijunjung;Pemda
2022;2;Sumatera Barat;Kab. Sijunjung;Bank Sampah Induk Lansek Manih;BSI;A;554,80;554,80;0,00;0,00;554,80;0,00;0,00;Muaro;Muaro;Sijunjung;Pemda
2022;2;Sumatera Barat;Kab. Tanah Datar;Bank Sampah Induk ANISA;BSI;A;1.095,73;1.095,37;0,00;0,00;1.095,37;0,00;0,00;Baringin;Baringin;Lima Kaum;Masyarakat
2022;2;Sumatera Barat;Kab. Tanah Datar;Bank Sampah Induk ANISA;BSI;A;1.095,73;1.095,37;0,00;0,00;1.095,37;0,00;0,00;Baringin;Baringin;Lima Kaum;Masyarakat
2022;2;Sumatera Barat;Kab. Agam;Bank Sampah Yuli Mutiara;BSI;A;1.460,00;1.460,00;0,00;0,00;1.460,00;0,00;0,00;Jl. Jendral A. Yani, Simpang Tembok;;Lubuk Basung;LSM
2022;2;Sumatera Barat;Kab. Agam;Bank Sampah Yuli Mutiara;BSI;A;1.460,00;1.460,00;0,00;0,00;1.460,00;0,00;0,00;Jl. Jendral A. Yani, Simpang Tembok;;Lubuk Basung;LSM
2022;2;Sumatera Barat;Kab. Pasaman;Bank Sampah Induk UD ZAINAL;BSI;A;474,50;438,00;0,00;0,00;438,00;0,00;0,00;Jalan Bulakan -;Tanjung Beringin;Lubuk Sikaping;Masyarakat
2022;2;Sumatera Barat;Kab. Dharmasraya;BANK SAMPAH INDUK;BSI;A;930,75;293,46;0,00;0,00;293,46;0,00;0,00;Jl. lubuk bulag, kecamatan Gunuug Selasih;;;LSM
2022;2;Sumatera Barat;Kab. Dharmasraya;BANK SAMPAH INDUK;BSI;A;930,75;293,46;0,00;0,00;293,46;0,00;0,00;Jl. lubuk bulag, kecamatan Gunuug Selasih;;;LSM
2022;2;Sumatera Barat;Kab. Pasaman Barat;BANK SAMPAH INDUK DINAS LINGKUNGAN HIDUP;BSI;A;73,00;73,00;0,00;0,00;73,00;0,00;0,00;Komplek Pertanian Padang Tujuh;Lingkuan Aua;Pasaman;Pemda
2022;2;Sumatera Barat;Kab. Pasaman Barat;BANK SAMPAH INDUK DINAS LINGKUNGAN HIDUP;BSI;A;73,00;73,00;0,00;0,00;73,00;0,00;0,00;Komplek Pertanian Padang Tujuh;Lingkuan Aua;Pasaman;Pemda
2022;2;Sumatera Barat;Kota Padang;Bank Sampah Induk Sakinah;BSI;A;730,00;730,00;0,00;0,00;711,75;18,25;0,00;jl Bukit Ngalau;Batu gadang;Lubuk Kilangan;Masyarakat
2022;1;Sumatera Barat;Kota Padang;Bank Sampah Unit Panca Daya;BSI;A;620.500,00;593.125,00;0,00;0,00;547.500,00;45.625,00;0,00;Jl. ByPass Belakang Kantor Camat Kuranji;Kalumbuk;Kuranji;Masyarakat
2022;2;Sumatera Barat;Kota Padang;Bank Sampah Induk Panca Daya;BSI;A;912,50;901,19;0,00;0,00;897,90;3,29;0,00;Jl. Bypass KM 9,5;;;LSM
2022;2;Sumatera Barat;Kota Solok;Bank Sampah Hanasty;BSI;A;69,35;69,35;0,00;0,00;69,35;0,00;0,00;Jalan Teneng No.7;Tanah Garam;Lubuk Sikarah;Masyarakat
2022;2;Sumatera Barat;Kota Sawahlunto;BSI CEMARA;BSI;A;365,00;365,00;0,00;0,00;0,00;365,00;0,00;Zainuddin Tembak;Lubang Panjang;Barangin;Masyarakat
2022;2;Sumatera Barat;Kota Sawahlunto;BANK SAMPAH INDUK EMAS BERSIH;BSI;A;149,65;146,00;0,00;0,00;146,00;0,00;0,00;KAYU GADANG;;;LSM
2022;2;Sumatera Barat;Kota Padang Panjang;Bank Sampah Induk Bank Sampah Sarunai;BSI;A;18,73;16,45;0,00;0,29;16,16;0,00;0,00;Jl. Ar Rasuli  RT 5;Ekor Lubuk;Padang Panjang Timur;LSM
2022;2;Sumatera Barat;Kota Bukittinggi;Bank induk Mutiara Indah;BSI;A;730,00;730,00;0,00;0,00;730,00;0,00;0,00;Aua Tajungkang tangah sawah;;;Masyarakat
2022;2;Sumatera Barat;Kota Payakumbuh;Bank Sampah Induk Usaha Damai;BSI;A;2.555,00;2.555,00;0,00;0,00;2.555,00;0,00;0,00;Jl. Imam Bonjol;Padang Datar Tanah Mati;Payakumbuh Barat;Masyarakat
2022;2;Riau;Kab. Bengkalis;BANK SAMPAH BERSERI;BSI;A;843,15;843,15;182,50;164,25;222,65;273,75;0,00;Jl. Hasanudin Bengkalis;Bengkalis Kota;Bengkalis;Pemda
2022;2;Riau;Kab. Bengkalis;BANK SAMPAH PEMATANG PUDU;BSI;A;365,00;204,04;55,48;45,63;98,19;4,75;0,00;MANDAU;BANTAN TUA;BANTAN;LSM
2022;2;Riau;Kab. Bengkalis;BANK SAMPAH BERSERI;BSI;A;843,15;843,15;182,50;164,25;222,65;273,75;0,00;Jl. Hasanudin Bengkalis;Bengkalis Kota;Bengkalis;Pemda
2022;2;Riau;Kab. Bengkalis;BANK SAMPAH PEMATANG PUDU;BSI;A;365,00;204,04;55,48;45,63;98,19;4,75;0,00;MANDAU;BANTAN TUA;BANTAN;LSM
2022;2;Riau;Kab. Rokan Hulu;BANK SAMPAH NAD'S PLASTIK;BSI;A;340,55;340,55;0,00;0,00;340,55;0,00;0,00;JL. LINGKAR;DESA KOTO TINGGI;RAMBAH;Masyarakat
2022;2;Riau;Kab. Rokan Hulu;BANK SAMPAH NAD'S PLASTIK;BSI;A;340,55;340,55;0,00;0,00;340,55;0,00;0,00;JL. LINGKAR;DESA KOTO TINGGI;RAMBAH;Masyarakat
2022;2;Riau;Kab. Rokan Hilir;Bank Sampah Induk Tani Sehat;BSI;A;31,76;29,20;0,00;0,00;21,90;7,30;0,00;Jalan Pasar Rabu Tanah Merah;Lenggadai Hulu;Rimba Melintang;Masyarakat
2022;2;Riau;Kab. Rokan Hilir;Bank Sampah Induk Tani Sehat;BSI;A;31,76;29,20;0,00;0,00;21,90;7,30;0,00;Jalan Pasar Rabu Tanah Merah;Lenggadai Hulu;Rimba Melintang;Masyarakat
2022;2;Riau;Kab. Siak;Bank Sampah Induk Pelangi;BSI;A;21,90;21,90;0,00;0,00;21,90;0,00;0,00;Jl. Panglima Udan 03/02;Kampung rempak;Siak;Pemda
2022;2;Riau;Kab. Siak;Bank Sampah Induk Pelangi;BSI;A;21,90;21,90;0,00;0,00;21,90;0,00;0,00;Jl. Panglima Udan 03/02;Kampung rempak;Siak;Pemda
2022;2;Riau;Kab. Kuantan Singingi;PLASTINDO FAMILY;BSI;A;1,83;1,83;0,00;0,00;1,83;0,00;0,00;Beringin Taluk;;;Pemda
2022;2;Riau;Kab. Kuantan Singingi;PLASTINDO FAMILY;BSI;A;1,83;1,83;0,00;0,00;1,83;0,00;0,00;Beringin Taluk;;;Pemda
2022;1;Riau;Kab. Kepulauan Meranti;Bank Sampah Kelurahan Selatpanjang Barat;BSI;A;273,75;273,75;0,00;0,00;273,75;0,00;0,00;Jl. Ibrahim;;;Pemda
2022;1;Riau;Kab. Kepulauan Meranti;Bank Sampah Kelurahan Selatpanjang Barat;BSI;A;273,75;273,75;0,00;0,00;273,75;0,00;0,00;Jl. Ibrahim;;;Pemda
2022;2;Riau;Kota Pekanbaru;Bank Sampah Induk DALANG COLLECTION;BSI;A;400,95;400,95;0,00;0,00;400,95;0,00;0,00;JL. TEMU RASA RT.03 RW.02;REJOSARI;TENAYAN RAYA;Masyarakat
2022;2;Riau;Kota Pekanbaru;Bank Sampah Induk TUAN DI BANGARNA;BSI;A;547,50;547,50;0,00;0,00;547,50;0,00;0,00;Jl. Bakti No. 25 D 003/011;Tangkerang Barat;Marpoyam Damai;Masyarakat
2022;2;Riau;Kota Pekanbaru;Bank Sampah Induk HIJAU LESTARI TERUS;BSI;A;907,28;907,28;0,00;0,00;907,28;0,00;0,00;Jl. Rawamangun;;;Pemda
2022;2;Riau;Kota Dumai;UD KARYA WIRA;BSI;A;665,44;665,44;0,00;0,00;665,44;0,00;0,00;Jalan Berlian desa/lelurah mundam;;;LSM
2022;2;Riau;Kota Dumai;KELAKAP TUJUH;BSI;A;547,50;511,00;0,00;0,00;511,00;0,00;0,00;Jalan Kelakap Tujuh Kel. Ratu Sima, Kec. Dumai Selatan, Kota Dumai, Riau;;;LSM
2022;2;Jambi;Kab. Merangin;Bank Sampah Induk Kurnia Ilahi;BSI;A;2.007,50;1.825,00;0,00;0,00;1.825,00;0,00;0,00;Jl. Lintas Sumatera Dusun Bangko rt12 rw05;Dusun Bangko;Bangko;LSM
2022;2;Jambi;Kab. Merangin;Bank Sampah Induk Jaya Berkah;BSI;A;1.861,50;1.095,00;0,00;0,00;1.095,00;0,00;0,00;Jl. Lintas Sumatera KM 4 Dusun Bangko rt13 rw05;Dusun Bangko;Bangko;LSM
2022;2;Jambi;Kab. Merangin;Bank Sampah Induk Kurnia Ilahi;BSI;A;2.007,50;1.825,00;0,00;0,00;1.825,00;0,00;0,00;Jl. Lintas Sumatera Dusun Bangko rt12 rw05;Dusun Bangko;Bangko;LSM
2022;2;Jambi;Kab. Merangin;Bank Sampah Induk Jaya Berkah;BSI;A;1.861,50;1.095,00;0,00;0,00;1.095,00;0,00;0,00;Jl. Lintas Sumatera KM 4 Dusun Bangko rt13 rw05;Dusun Bangko;Bangko;LSM
2022;2;Jambi;Kab. Bungo;Bank Sampah Induk BANK SAMPAH SETIA BUDI;BSI;A;275,94;201,19;0,00;0,00;201,19;0,00;0,00;Jl. Lintas Sumatra Km. 4 RT 13 RW 05;Sungai Binjai;Bathin III;LSM
2022;2;Jambi;Kab. Bungo;BANK SAMPAH INDUK HIDAYAH;BSI;A;73,37;29,20;0,00;0,00;29,20;0,00;0,00;Jl. R. M. Thaher;;;Pemda
2022;2;Jambi;Kab. Bungo;Bank Sampah Induk BANK SAMPAH SETIA BUDI;BSI;A;275,94;201,19;0,00;0,00;201,19;0,00;0,00;Jl. Lintas Sumatra Km. 4 RT 13 RW 05;Sungai Binjai;Bathin III;LSM
2022;2;Jambi;Kab. Bungo;BANK SAMPAH INDUK HIDAYAH;BSI;A;73,37;29,20;0,00;0,00;29,20;0,00;0,00;Jl. R. M. Thaher;;;Pemda
2022;2;Jambi;Kota Jambi;Bank Sampah Induk Dream;BSI;A;401,50;401,50;54,75;54,75;292,00;0,00;0,00;H. Kamil 15;Wijayapura;Jambi Selatan;Masyarakat
2022;2;Sumatera Selatan;Kab. Ogan Komering Ulu;Bank Sampah Induk Sebimbing Sekundang;BSI;A;383,25;333,98;0,00;109,50;219,73;4,75;0,00;Nawawi Al-Hajj;Tanjung Baru;;LSM
2022;2;Sumatera Selatan;Kab. Ogan Komering Ulu;Bank Sampah Induk Sebimbing Sekundang;BSI;A;383,25;333,98;0,00;109,50;219,73;4,75;0,00;Nawawi Al-Hajj;Tanjung Baru;;LSM
2022;2;Sumatera Selatan;Kab. Muara Enim;Bank Sampah Induk Manfaat Bersama;BSI;A;73,00;70,99;0,00;0,00;70,99;0,00;0,00;Muara Enim;Muara Enim;Muara Enim;LSM
2022;2;Sumatera Selatan;Kab. Muara Enim;Bank Sampah Induk Manfaat Bersama;BSI;A;73,00;70,99;0,00;0,00;70,99;0,00;0,00;Muara Enim;Muara Enim;Muara Enim;LSM
2022;2;Sumatera Selatan;Kab. Lahat;Bank Sampah Induk DP PARTNER;BSI;A;877,83;795,77;0,00;582,86;212,90;0,00;0,00;Jl. Alternatif Lintas Lahat Pagaralam Perumahan Bungamas Indikat Ilir;Desa Indikat Ilir;Gumay Talang;Masyarakat
2022;2;Sumatera Selatan;Kab. Lahat;Bank Sampah Induk DP PARTNER;BSI;A;877,83;795,77;0,00;582,86;212,90;0,00;0,00;Jl. Alternatif Lintas Lahat Pagaralam Perumahan Bungamas Indikat Ilir;Desa Indikat Ilir;Gumay Talang;Masyarakat
2022;2;Sumatera Selatan;Kab. Musi Rawas;Bank Sampah Induk Sempurna;BSI;A;6,08;6,06;0,00;0,00;5,90;0,16;0,00;Jl. Sulaiman Amin;Beliti Baru;Muara Beliti;Pemda
2022;2;Sumatera Selatan;Kab. Musi Banyuasin;Bank Sampah Induk PRIMA;BSI;A;1.157,05;1.157,05;127,75;116,80;584,00;328,50;0,00;INPRES PENJARA 018/ 001;SERASAN JAYA;SEKAYU;Masyarakat
2022;2;Sumatera Selatan;Kab. Musi Banyuasin;Bank Sampah Induk PRIMA;BSI;A;1.157,05;1.157,05;127,75;116,80;584,00;328,50;0,00;INPRES PENJARA 018/ 001;SERASAN JAYA;SEKAYU;Masyarakat
2022;2;Sumatera Selatan;Kab. Penukal Abab Lematang Ilir;BANK SAMPAH PALI;BSI;A;6,57;6,54;0,00;0,00;6,54;0,00;0,00;TALANG KEMANG RT.02/ RW.05 KEL. TALANG UBI SELATAN KEC. TALANG UBI;;;LSM
2022;2;Sumatera Selatan;Kota Palembang;Bank Sampah Induk Kota Palembang;BSI;A;268,64;192,72;11,68;11,68;169,36;0,00;0,00;Jl. Sukarela;;;Masyarakat
2022;2;Sumatera Selatan;Kota Prabumulih;Bank Sampah Induk Bank Sampah Prabumulih;BSI;A;87,60;84,32;0,00;0,00;84,32;0,00;0,00;JL. Arjuna 2 02/05;Wonosari;Prabumulih Utara;LSM
2022;2;Bengkulu;Kab. Bengkulu Utara;Bank Sampah Induk Usaha Bersama;BSI;A;3.029,50;2.976,36;693,50;14,60;2.268,26;0,00;0,00;Jl.Raya Gunung Selan 001/003;Gunung Selan;Arga Makmur;Pemda
2022;2;Bengkulu;Kab. Bengkulu Utara;Bank Sampah Induk Usaha Bersama;BSI;A;3.029,50;2.976,36;693,50;14,60;2.268,26;0,00;0,00;Jl.Raya Gunung Selan 001/003;Gunung Selan;Arga Makmur;Pemda
2022;2;Bengkulu;Kab. Lebong;BASUKI;BSI;A;109,50;0,00;0,00;0,00;0,00;0,00;0,00;Jl.Sentral PLTA Tes;Turang Tiging;Lebong Selatan;LSM
2022;2;Lampung;Kab. Tanggamus;Bank Sampah Tanggamus;BSI;A;7,51;7,50;0,00;0,00;7,50;0,00;0,00;AMS Way Som;Kota Agung;Kota Agung;LSM
2022;2;Lampung;Kab. Tanggamus;Bank Sampah Tanggamus;BSI;A;7,51;7,50;0,00;0,00;7,50;0,00;0,00;AMS Way Som;Kota Agung;Kota Agung;LSM
2022;2;Lampung;Kab. Way Kanan;BSI PEMULA;BSI;A;237,25;59,01;13,62;25,29;20,10;0,00;0,00;UMPU BHAKTI;;;Masyarakat
2022;2;Lampung;Kab. Way Kanan;BSI PEMULA;BSI;A;237,25;59,01;13,62;25,29;20,10;0,00;0,00;UMPU BHAKTI;;;Masyarakat
2022;1;Lampung;Kota Bandar Lampung;Bank Sampah Ragom Maju Jejama;BSI;A;10.950.000,00;1.686.300,00;331.785,00;331.785,00;511.365,00;511.365,00;0,00;Jl. Pramuka No.18;Beringin Raya;Kemiling;Pemda
2022;2;Lampung;Kota Metro;Bank Sampah Unit Sido Makmur;BSI;A;365,00;365,00;0,00;0,00;365,00;0,00;0,00;Jl. Lestari no.4;Karangrejo;Metro Utara;Masyarakat
2022;2;Lampung;Kota Metro;Bank Sampah Unit Wijaya Kusuma;BSI;A;36,50;36,50;0,00;0,00;36,50;0,00;0,00;Jln Labu Siam Rt.04/Rw.01;Tejoagung;Metro;Masyarakat
2022;2;Lampung;Kota Metro;Bank Sampah Induk Nusa PKK Metro;BSI;A;321,20;321,20;0,00;0,00;321,20;0,00;0,00;Jln Ade Irma Nasution Kota Metro;;;LSM
2022;2;Kepulauan Bangka Belitung;Kab. Bangka;Bank Sampah Induk SRI MENANTI BERKARYA;BSI;A;0,00;0,00;0,00;0,00;0,00;0,00;0,00;JL SAMRATULANGI 2;SRI MENANTI;SUNGAILIAT;Pemda
2022;2;Kepulauan Bangka Belitung;Kab. Bangka;Bank Sampah Induk SRI MENANTI BERKARYA;BSI;A;0,00;0,00;0,00;0,00;0,00;0,00;0,00;JL SAMRATULANGI 2;SRI MENANTI;SUNGAILIAT;Pemda
2022;2;Kepulauan Bangka Belitung;Kab. Belitung;BANK SAMPAH AKAR BEREBAT;BSI;A;10,37;3,87;0,00;0,00;3,32;0,55;0,00;JALAN YOS SUDARSO NO.01 TANJUNGPANDAN - BELITUNG;;;Pemda
2022;2;Kepulauan Bangka Belitung;Kab. Belitung Timur;Bank Sampah Pelangi Nusa;BSI;A;633,00;630,36;0,00;0,00;630,36;0,00;0,00;Padang;;;Masyarakat
2022;2;Kepulauan Bangka Belitung;Kab. Belitung Timur;Bank Sampah Pelangi Nusa;BSI;A;633,00;630,36;0,00;0,00;630,36;0,00;0,00;Padang;;;Masyarakat
2022;2;Kepulauan Riau;Kab. Bintan;Bank Sampah Induk Penyu Belimbing;BSI;A;967,25;956,30;0,00;51,10;905,20;0,00;0,00;Jl. Korindo Km.22 No.01 A RT.003/RW.01;Sungai Lekop;Bintan Timur;Masyarakat
2022;2;Kepulauan Riau;Kab. Bintan;Bank Sampah Induk Penyu Belimbing;BSI;A;967,25;956,30;0,00;51,10;905,20;0,00;0,00;Jl. Korindo Km.22 No.01 A RT.003/RW.01;Sungai Lekop;Bintan Timur;Masyarakat
2022;2;Kepulauan Riau;Kab. Karimun;Bank Sampah Induk al-baroqah;BSI;A;3.285,00;3.272,23;0,00;0,00;3.272,23;0,00;0,00;jln.ahmad yani;sungai lakam barat;karimun;Masyarakat
2022;2;Kepulauan Riau;Kab. Karimun;Bank Sampah Induk al-baroqah;BSI;A;3.285,00;3.272,23;0,00;0,00;3.272,23;0,00;0,00;jln.ahmad yani;sungai lakam barat;karimun;Masyarakat
2022;2;Kepulauan Riau;Kab. Lingga;Bank Sampah Induk lingga;BSI;A;290,54;287,07;0,00;11,32;275,03;0,73;0,00;lembah kapitan 02/07;dabo lama;singkep;Masyarakat
2022;2;Kepulauan Riau;Kota Batam;BANK SAMPAH INDUK BATAM;BSI;A;1.095,00;912,50;0,00;0,00;912,50;0,00;0,00;PATTIMURA;KABIL;NONGSA;Pemda
2022;2;Kepulauan Riau;Kota Tanjung Pinang;Bank Sampah Induk Berseri;BSI;A;573,05;568,67;0,00;0,00;568,67;0,00;0,00;Jl. Sultan Machmud Gg. Swadaya No. 19 RT2 RW3;;;Masyarakat
2022;2;DKI Jakarta;Kota Adm. Jakarta Pusat;Bank Sampah Induk Jakarta Pusat;BSI;A;170,46;170,41;0,00;0,00;170,41;0,00;0,00;Komplek Perkantoran Rawa Kerbau Rawasari Selatan 16/02;Cempaka Putih Timur;Cempaka Putih;Masyarakat
2022;2;DKI Jakarta;Kota Adm. Jakarta Utara;MOUNTRES;BSI;A;50,66;50,66;0,00;0,00;50,66;0,00;0,00;Semper Barat;;;LSM
2022;2;DKI Jakarta;Kota Adm. Jakarta Barat;Bank Sampah Induk Satu Hati;BSI;A;55.334,00;55.334,00;0,00;0,00;55.334,00;0,00;0,00;Jalan Bina Serasi RT 005/RW 05;Cengkareng Barat;Cengkareng;Pemda
2022;2;Jawa Barat;Kab. Bandung;Binangkit Sabilulungan Citaliktik;BSI;A;2.920,00;2.920,00;0,00;0,00;2.920,00;0,00;0,00;Soreang, Bandung, 40911;;;Pemda
2022;2;Jawa Barat;Kab. Bandung;BSB Induk;BSI;A;3.650,00;3.515,68;170,82;0,00;3.344,86;0,00;0,00;Jln Terusan Bojongsoang no 174 A, Kamp MekarsariJln Terusan Bojongsoang no 174 A, Kamp Mekarsari 05 / 27;Bojongsoang;Bojongsoang;Masyarakat
2022;2;Jawa Barat;Kab. Bandung;Binangkit Sabilulungan Citaliktik;BSI;A;2.920,00;2.920,00;0,00;0,00;2.920,00;0,00;0,00;Soreang, Bandung, 40911;;;Pemda
2022;2;Jawa Barat;Kab. Bandung;BSB Induk;BSI;A;3.650,00;3.515,68;170,82;0,00;3.344,86;0,00;0,00;Jln Terusan Bojongsoang no 174 A, Kamp MekarsariJln Terusan Bojongsoang no 174 A, Kamp Mekarsari 05 / 27;Bojongsoang;Bojongsoang;Masyarakat
2022;2;Jawa Barat;Kab. Ciamis;Bank Sampah Ciamis;BSI;A;1.299,40;1.241,00;0,00;0,00;1.241,00;0,00;0,00;Jl. Mr. Iwa Kusuma Sumantri No 21;Kertasari;Ciamis;Pemda
2022;2;Jawa Barat;Kab. Ciamis;ALHUDA (INDUK);BSI;A;15,70;14,60;0,00;0,00;14,60;0,00;0,00;TARIKOLOT;SITUMANDALA;Rancah;Masyarakat
2022;2;Jawa Barat;Kab. Ciamis;Bank Sampah Ciamis;BSI;A;1.299,40;1.241,00;0,00;0,00;1.241,00;0,00;0,00;Jl. Mr. Iwa Kusuma Sumantri No 21;Kertasari;Ciamis;Pemda
2022;2;Jawa Barat;Kab. Ciamis;ALHUDA (INDUK);BSI;A;15,70;14,60;0,00;0,00;14,60;0,00;0,00;TARIKOLOT;SITUMANDALA;Rancah;Masyarakat
2022;2;Jawa Barat;Kab. Kuningan;MAJU;BSI;A;438.000,00;584,00;0,00;0,00;584,00;0,00;0,00;JL Moch Yamin;;;Pemda
2022;2;Jawa Barat;Kab. Kuningan;KALIFAH;BSI;A;2.920,00;1.825,00;0,00;0,00;1.825,00;0,00;0,00;Jl. SUDIRMAN - KUNINGAN;;;LSM
2022;2;Jawa Barat;Kab. Kuningan;MAJU;BSI;A;438.000,00;584,00;0,00;0,00;584,00;0,00;0,00;JL Moch Yamin;;;Pemda
2022;2;Jawa Barat;Kab. Kuningan;KALIFAH;BSI;A;2.920,00;1.825,00;0,00;0,00;1.825,00;0,00;0,00;Jl. SUDIRMAN - KUNINGAN;;;LSM
2022;2;Jawa Barat;Kab. Indramayu;Rapih Mulya Mandiri;BSI;A;730,00;224,48;0,00;21,90;202,58;0,00;0,00;Jl. Telkom;;;LSM
2022;2;Jawa Barat;Kab. Indramayu;KSM CBO IBU TIN BERSERI;BSI;A;365,00;84,50;0,00;18,25;56,61;9,64;0,00;Desa Tinumpuk Rt.1/Rw.04;;;LSM
2022;2;Jawa Barat;Kab. Indramayu;Rapih Mulya Mandiri;BSI;A;730,00;224,48;0,00;21,90;202,58;0,00;0,00;Jl. Telkom;;;LSM
2022;2;Jawa Barat;Kab. Indramayu;KSM CBO IBU TIN BERSERI;BSI;A;365,00;84,50;0,00;18,25;56,61;9,64;0,00;Desa Tinumpuk Rt.1/Rw.04;;;LSM
2022;2;Jawa Barat;Kota Bogor;Bank Sampah Induk BASIBA Kota Bogor;BSI;A;713,58;692,18;0,00;0,00;692,18;0,00;0,00;Paledang No.34 -;Paledang;Bogor Tengah;LSM
2022;2;Jawa Barat;Kota Sukabumi;Bank Sampah Induk BASMICI;BSI;A;3.139,00;3.102,50;0,00;0,00;3.102,50;0,00;0,00;Begeg;Cikondang;Citamiang;LSM
2022;2;Jawa Barat;Kota Bandung;Bank Sampah Induk Kota Bandung;BSI;A;3.832,50;3.828,04;0,00;0,00;3.828,04;0,00;0,00;Jl Babakan Sari 1 No.64;Babakan Sari;Kiaracondong;Pemda
2022;2;Jawa Barat;Kota Bekasi;Bank Sampah Induk Patriot;BSI;A;1.700,90;0,00;0,00;0,00;0,00;0,00;0,00;Mustika Jaya;Mustika Jaya;Mustika Jaya;Masyarakat
2022;2;Jawa Barat;Kota Cimahi;SAMICI;BSI;A;210,97;208,05;0,00;0,00;208,05;0,00;0,00;KH. Usman Domiri no 15;Padasuka;Cimahi Tengah;Pemda
2022;2;Jawa Barat;Kota Tasikmalaya;Bank Sampah Induk Resik;BSI;A;398.215,00;365,58;0,00;0,00;365,58;0,00;0,00;Jl. Noenoeng Tisnasaputra;Kahuripan;Tawang;Pemda
2022;2;Jawa Tengah;Kab. Cilacap;Bank Sampah Induk Cilacap;BSI;A;54,75;43,80;0,00;25,55;18,25;0,00;0,00;Jl. MT Haryono No. 74;Donan;Cilacap Tengah;LSM
2022;2;Jawa Tengah;Kab. Cilacap;Bank Sampah Induk Cilacap;BSI;A;54,75;43,80;0,00;25,55;18,25;0,00;0,00;Jl. MT Haryono No. 74;Donan;Cilacap Tengah;LSM
2022;2;Jawa Tengah;Kab. Banyumas;Bank Sampah Induk DLH Banyumas;BSI;A;365,00;0,00;0,00;0,00;0,00;0,00;0,00;Dinas Lingkungan Hidup Kabupaten Banyumas;;;Pemda
2022;2;Jawa Tengah;Kab. Banyumas;Bank Sampah Induk DLH Banyumas;BSI;A;365,00;0,00;0,00;0,00;0,00;0,00;0,00;Dinas Lingkungan Hidup Kabupaten Banyumas;;;Pemda
2022;2;Jawa Tengah;Kab. Kebumen;Bank Sampah Induk BANK SAMPAH BERIMAN;BSI;A;1.095,00;1.095,00;0,00;0,00;1.095,00;0,00;0,00;KEWEDUSAN;KEWEDUSAN;KEBUMEN;Pemda
2022;2;Jawa Tengah;Kab. Kebumen;Bank Sampah Induk BANK SAMPAH BERIMAN;BSI;A;1.095,00;1.095,00;0,00;0,00;1.095,00;0,00;0,00;KEWEDUSAN;KEWEDUSAN;KEBUMEN;Pemda
2022;2;Jawa Tengah;Kab. Purworejo;Bank Sampah Induk TRI GUYUB RUKUN;BSI;A;95,52;87,50;0,00;0,00;87,50;0,00;0,00;Jl. Magelang KM 5;Trirejo;Loano;LSM
2022;2;Jawa Tengah;Kab. Purworejo;Bank Sampah Induk TRI GUYUB RUKUN;BSI;A;95,52;87,50;0,00;0,00;87,50;0,00;0,00;Jl. Magelang KM 5;Trirejo;Loano;LSM
2022;2;Jawa Tengah;Kab. Klaten;2022 BSI MAJU MANDIRI;BSI;A;509,18;415,00;58,75;176,38;89,94;89,94;0,00;gergunung;;;LSM
2022;2;Jawa Tengah;Kab. Klaten;2022 BSI MAJU MANDIRI;BSI;A;509,18;415,00;58,75;176,38;89,94;89,94;0,00;gergunung;;;LSM
2022;1;Jawa Tengah;Kab. Wonogiri;BANK SAMPAH BERSERI (KRANDEGAN);BSI;A;322,66;289,56;0,00;115,83;140,63;33,09;0,00;Dusun Kuniran RT 01 RW 07;;;Masyarakat
2022;2;Jawa Tengah;Kab. Sragen;Bank Sampah Guyub Rukun Karangtengah;BSI;A;589,48;73,00;0,00;0,00;70,44;2,56;0,00;Jalan Semeru Klitik RT. 03 RW. III;;;Masyarakat
2022;2;Jawa Tengah;Kab. Sragen;Bank Sampah Induk Si Repi;BSI;A;3.303,25;3.303,07;0,00;442,93;2.860,14;0,00;0,00;Duyungan;;;Masyarakat
2022;2;Jawa Tengah;Kab. Sragen;Bank Sampah Induk Basuki;BSI;A;3.003,94;2.930,94;0,00;0,00;2.787,71;143,23;0,00;Kp. Sidoharjo;Sidoharjo;Sdoharjo;Masyarakat
2022;2;Jawa Tengah;Kab. Sragen;Bank Sampah Induk Murakabi;BSI;A;3.358,00;3.237,12;0,00;751,24;1.858,58;627,29;0,00;Kp. Kecik;Kecik;Tanon;Masyarakat
2022;2;Jawa Tengah;Kab. Sragen;Bank Sampah Guyub Rukun Karangtengah;BSI;A;589,48;73,00;0,00;0,00;70,44;2,56;0,00;Jalan Semeru Klitik RT. 03 RW. III;;;Masyarakat
2022;2;Jawa Tengah;Kab. Sragen;Bank Sampah Induk Si Repi;BSI;A;3.303,25;3.303,07;0,00;442,93;2.860,14;0,00;0,00;Duyungan;;;Masyarakat
2022;2;Jawa Tengah;Kab. Sragen;Bank Sampah Induk Basuki;BSI;A;3.003,94;2.930,94;0,00;0,00;2.787,71;143,23;0,00;Kp. Sidoharjo;Sidoharjo;Sdoharjo;Masyarakat
2022;2;Jawa Tengah;Kab. Sragen;Bank Sampah Induk Murakabi;BSI;A;3.358,00;3.237,12;0,00;751,24;1.858,58;627,29;0,00;Kp. Kecik;Kecik;Tanon;Masyarakat
2022;2;Jawa Tengah;Kab. Blora;Berkah Mustika Poring;BSI;A;954,48;954,48;0,00;0,00;954,48;0,00;0,00;Ds. Temurejo;kalisangku;Blpra Kota;Masyarakat
2022;2;Jawa Tengah;Kab. Blora;Berkah Mustika Poring;BSI;A;954,48;954,48;0,00;0,00;954,48;0,00;0,00;Ds. Temurejo;kalisangku;Blpra Kota;Masyarakat
2022;2;Jawa Tengah;Kab. Rembang;Bank Sampah Induk Kab. Rembang;BSI;A;214,15;214,15;0,00;0,00;214,15;0,00;0,00;Desa Mondoteko;Mondoteko;Rembang;Masyarakat
2022;2;Jawa Tengah;Kab. Kudus;BANK SAMPAH INDUK KAB. KUDUS;BSI;A;1.618,41;1.618,41;0,00;0,00;1.618,41;0,00;0,00;Gondangmanis Bae Kudus;;;Pemda
2022;2;Jawa Tengah;Kab. Kudus;BANK SAMPAH INDUK KAB. KUDUS;BSI;A;1.618,41;1.618,41;0,00;0,00;1.618,41;0,00;0,00;Gondangmanis Bae Kudus;;;Pemda
2022;2;Jawa Tengah;Kab. Jepara;Bank Sampah Induk Berseri;BSI;A;508,48;508,48;0,00;0,00;508,48;0,00;0,00;Jl. Sidiq Harun No. 5;Ujungbatu;Jepara;LSM
2022;2;Jawa Tengah;Kab. Semarang;BANK SAMPAH SERASI ( BSI );BSI;A;2,28;1,69;0,00;0,00;1,69;0,00;0,00;JL. W.R. SUPRATMAN;KARANGJATI;BERGAS;Pemda
2022;2;Jawa Tengah;Kab. Kendal;Bank Sampah Berkah Induk Resik Becik Kendal;BSI;A;7,30;7,30;0,00;0,00;7,30;0,00;0,00;Jalan Lingkar Pasar RT 06 RW VI Langenharjo, Kendal;Langenharjo;Kendal;Masyarakat
2022;2;Jawa Tengah;Kab. Kendal;Bank Sampah Berkah Induk Resik Becik Kendal;BSI;A;7,30;7,30;0,00;0,00;7,30;0,00;0,00;Jalan Lingkar Pasar RT 06 RW VI Langenharjo, Kendal;Langenharjo;Kendal;Masyarakat
2022;2;Jawa Tengah;Kab. Pekalongan;BSI SAHABAT BUMI;BSI;A;219,00;156,45;19,74;9,66;127,05;0,00;0,00;Jl. Singosari No. 65;;;LSM
2022;2;Jawa Tengah;Kab. Pekalongan;BSI SAHABAT BUMI;BSI;A;219,00;156,45;19,74;9,66;127,05;0,00;0,00;Jl. Singosari No. 65;;;LSM
2022;2;Jawa Tengah;Kab. Pemalang;Bank Sampah Induk Karya Adipura;BSI;A;730,00;730,00;0,00;0,00;730,00;0,00;0,00;Jalan Ahmad Dahlan 4 Pemalang;Kebondalem;Pemalang;Pemda
2022;2;Jawa Tengah;Kota Magelang;Bank Sampah Induk LEMBAH TIDAR LESTARI;BSI;A;386,29;333,90;0,00;0,00;333,90;0,00;0,00;Pahlawan No 4;Magelang;Magelang Tengah;Pemda
2022;2;Jawa Tengah;Kota Surakarta;BANK SAMPAH KOTA SURAKARTA;BSI;A;992,44;907,76;30,66;99,65;741,32;36,14;0,00;JL. MENTERI SUPENO NO 10;;;Masyarakat
2022;2;Jawa Tengah;Kota Semarang;BS INDUK;BSI;A;85,64;85,64;0,00;0,00;85,64;0,00;0,00;JLN. TAPAK RAYA TUGUREJO, TUGU, KOTA SEMARANG;;;Masyarakat
2022;1;Jawa Tengah;Kota Semarang;BSI DLH Kota Semarang;BSI;A;215,46;215,44;0,00;0,00;215,44;0,00;0,00;Tapak Raya;Tugurejo;Tugurejo;LSM
2022;2;D.I. Yogyakarta;Kab. Kulon Progo;Dhuawar Sejahtera;BSI;A;304,41;304,41;0,00;0,00;304,41;0,00;0,00;Kroco RT 21 RW 12;Sendangsari;Pengasih;Masyarakat
2022;2;D.I. Yogyakarta;Kab. Kulon Progo;Dhuawar Sejahtera;BSI;A;304,41;304,41;0,00;0,00;304,41;0,00;0,00;Kroco RT 21 RW 12;Sendangsari;Pengasih;Masyarakat
2022;1;D.I. Yogyakarta;Kab. Gunungkidul;Bank Sampah Haksa Muda Kepek 1;BSI;A;255,50;255,50;0,00;200,75;54,75;0,00;0,00;KEPEK 1 RT.07 RW.08 KEPEK WONOSARI;;;Masyarakat
2022;2;D.I. Yogyakarta;Kab. Gunungkidul;Bank Sampah Induk MAJU MANDIRI;BSI;A;220,10;97,64;0,00;0,00;91,80;5,84;0,00;Umbulrejo;Umbulrejo;Ponjong;Masyarakat
2022;2;D.I. Yogyakarta;Kab. Gunungkidul;Bank Sampah Induk Catur Mandiri;BSI;A;165,71;165,56;0,00;0,00;165,56;0,00;0,00;JL. Karangmojo 01/04;Selang;Wonosari;Masyarakat
2022;1;D.I. Yogyakarta;Kab. Gunungkidul;Bank Sampah Purwo Lestari;BSI;A;446,03;446,03;0,00;438,00;8,03;0,00;0,00;Dusun Purwosari;;;LSM
2022;2;D.I. Yogyakarta;Kab. Gunungkidul;Bank Sampah Induk Catur Mandiri;BSI;A;165,71;165,56;0,00;0,00;165,56;0,00;0,00;JL. Karangmojo 01/04;Selang;Wonosari;Masyarakat
2022;2;D.I. Yogyakarta;Kab. Gunungkidul;Bank Sampah Induk K3S ( Kelompok Kerja Kelola Sampah );BSI;A;569,40;421,58;0,00;18,25;403,33;0,00;0,00;Ngoro-oro;Ngoro-oro;Patuk;Masyarakat
2022;1;D.I. Yogyakarta;Kab. Gunungkidul;Bank Sampah Manunggal;BSI;A;109,50;109,50;0,00;101,84;7,67;0,00;0,00;Semanu Tengah;;;Masyarakat
2022;2;D.I. Yogyakarta;Kab. Gunungkidul;Bank Sampah Induk K3S ( Kelompok Kerja Kelola Sampah );BSI;A;569,40;421,58;0,00;18,25;403,33;0,00;0,00;Ngoro-oro;Ngoro-oro;Patuk;Masyarakat
2022;1;D.I. Yogyakarta;Kab. Gunungkidul;Bank Sampah Haksa Muda Kepek 1;BSI;A;255,50;255,50;0,00;200,75;54,75;0,00;0,00;KEPEK 1 RT.07 RW.08 KEPEK WONOSARI;;;Masyarakat
2022;2;D.I. Yogyakarta;Kab. Gunungkidul;Bank Sampah Induk MAJU MANDIRI;BSI;A;220,10;97,64;0,00;0,00;91,80;5,84;0,00;Umbulrejo;Umbulrejo;Ponjong;Masyarakat
2022;1;D.I. Yogyakarta;Kab. Gunungkidul;Bank Sampah Purwo Lestari;BSI;A;446,03;446,03;0,00;438,00;8,03;0,00;0,00;Dusun Purwosari;;;LSM
2022;1;D.I. Yogyakarta;Kab. Gunungkidul;Bank Sampah Manunggal;BSI;A;109,50;109,50;0,00;101,84;7,67;0,00;0,00;Semanu Tengah;;;Masyarakat
2022;2;Jawa Timur;Kab. Trenggalek;Bank Sampah Induk BANK SAMPAH PEMUDA;BSI;A;438,00;438,00;0,00;0,00;438,00;0,00;0,00;KAB. TRENGGALEK;;;Masyarakat
2022;2;Jawa Timur;Kab. Trenggalek;Bank Sampah Unit MITRA GUMRINING;BSI;A;73,00;0,00;0,00;0,00;0,00;0,00;0,00;Trenggalek, Tugu, Sukorejo, Gandusari, Trenggalek Regency, East Java 66372;Tugu;GANDUSARI;Masyarakat
2022;2;Jawa Timur;Kab. Trenggalek;BANK SAMPAH INDUK MEKAR JAYA;BSI;A;36,50;10,37;0,00;10,37;0,00;0,00;0,00;Trenggalek, Karangan, Trenggalek Regency, East Java 66361;Karangan;Karangan;Masyarakat
2022;2;Jawa Timur;Kab. Trenggalek;Bank Sampah Induk BANK SAMPAH PEMUDA;BSI;A;438,00;438,00;0,00;0,00;438,00;0,00;0,00;KAB. TRENGGALEK;;;Masyarakat
2022;2;Jawa Timur;Kab. Trenggalek;Bank Sampah Unit MITRA GUMRINING;BSI;A;73,00;0,00;0,00;0,00;0,00;0,00;0,00;Trenggalek, Tugu, Sukorejo, Gandusari, Trenggalek Regency, East Java 66372;Tugu;GANDUSARI;Masyarakat
2022;2;Jawa Timur;Kab. Trenggalek;BANK SAMPAH INDUK MEKAR JAYA;BSI;A;36,50;10,37;0,00;10,37;0,00;0,00;0,00;Trenggalek, Karangan, Trenggalek Regency, East Java 66361;Karangan;Karangan;Masyarakat
2022;2;Jawa Timur;Kab. Lumajang;Bank Sampah Induk KALPATARU LUMAJANG;BSI;A;226,12;226,12;0,00;0,00;187,98;38,14;0,00;JL. LANGSEP NO. 5;KEPUHARJO;LUMAJANG;Masyarakat
2022;2;Jawa Timur;Kab. Lumajang;Bank Sampah Induk KALPATARU LUMAJANG;BSI;A;226,12;226,12;0,00;0,00;187,98;38,14;0,00;JL. LANGSEP NO. 5;KEPUHARJO;LUMAJANG;Masyarakat
2022;2;Jawa Timur;Kab. Jember;BSI Jember;BSI;A;0,00;0,00;0,00;0,00;0,00;0,00;0,00;Perum Taman Gading AF 15 Rt. 06 Rw. 40 Kel. Tegal Besar, Kec. Kaliwates, Kab. Jember Kel. Tegal Besar, Kec. Kaliwates, Kabupaten Jember, Jawa Timur;;;Masyarakat
2022;2;Jawa Timur;Kab. Jember;BSI Jember;BSI;A;0,00;0,00;0,00;0,00;0,00;0,00;0,00;Perum Taman Gading AF 15 Rt. 06 Rw. 40 Kel. Tegal Besar, Kec. Kaliwates, Kab. Jember Kel. Tegal Besar, Kec. Kaliwates, Kabupaten Jember, Jawa Timur;;;Masyarakat
2022;2;Jawa Timur;Kab. Banyuwangi;Bank Sampah Induk Bank Sampah Banyuwangi;BSI;A;24,56;16,40;0,00;4,09;12,31;0,00;0,00;KAB. BANYUWANGI;;;LSM
2022;2;Jawa Timur;Kab. Banyuwangi;Bank Sampah Induk Bank Sampah Banyuwangi;BSI;A;24,56;16,40;0,00;4,09;12,31;0,00;0,00;KAB. BANYUWANGI;;;LSM
2022;2;Jawa Timur;Kab. Mojokerto;Bintang Semesta Majapahit;BSI;A;142,13;141,97;0,00;0,00;141,97;0,00;0,00;Belahan Tengah;;;LSM
2022;2;Jawa Timur;Kab. Nganjuk;Bank Sampah Induk SALEPOK OMAHE NGANJUK;BSI;A;358,07;357,70;0,00;0,00;326,31;31,39;0,00;Jalan Raya Kedondong  No. 1;Kedondong;Bagor;LSM
2022;2;Jawa Timur;Kab. Nganjuk;Bank Sampah Induk SALEPOK OMAHE NGANJUK;BSI;A;358,07;357,70;0,00;0,00;326,31;31,39;0,00;Jalan Raya Kedondong  No. 1;Kedondong;Bagor;LSM
2022;2;Jawa Timur;Kab. Magetan;Omah APIK;BSI;A;547,50;547,50;0,00;0,00;547,50;0,00;0,00;Jl. Samodra Bulukerto Magetan;Bulukerto;Magetan;Pemda
2022;2;Jawa Timur;Kab. Ngawi;Bank Sampah Induk Ngawi Berkah;BSI;A;237,25;182,50;0,00;0,00;182,50;0,00;0,00;Ds. Karangasri  Kec. Ngawi Kab. Ngawi;;;Masyarakat
2022;2;Jawa Timur;Kab. Ngawi;Bank Sampah Induk Ngawi Berkah;BSI;A;237,25;182,50;0,00;0,00;182,50;0,00;0,00;Ds. Karangasri  Kec. Ngawi Kab. Ngawi;;;Masyarakat
2022;2;Jawa Timur;Kab. Bojonegoro;BSI PATROL 21;BSI;A;219,00;186,15;0,00;36,50;149,65;0,00;0,00;RT 13 RW 2;BANJARSARI;TRUCUK;Pemda
2022;2;Jawa Timur;Kab. Bojonegoro;BSI PATROL 21;BSI;A;219,00;186,15;0,00;36,50;149,65;0,00;0,00;RT 13 RW 2;BANJARSARI;TRUCUK;Pemda
2022;2;Jawa Timur;Kab. Tuban;Bank Sampah Induk ERTIGA;BSI;A;121,65;121,18;0,00;2,56;118,63;0,00;0,00;RT03 RW02;Baturetno;Tuban;LSM
2022;2;Jawa Timur;Kab. Tuban;Bank Sampah Induk ERTIGA;BSI;A;121,65;121,18;0,00;2,56;118,63;0,00;0,00;RT03 RW02;Baturetno;Tuban;LSM
2022;2;Jawa Timur;Kab. Gresik;Hobastank;BSI;A;7,30;6,94;0,00;0,00;5,72;1,22;0,00;Gending;;;Masyarakat
2022;2;Jawa Timur;Kab. Gresik;Bank Sampah Meduran Bersatu;BSI;A;29,57;26,34;0,00;0,00;26,34;0,00;0,00;Meduran Bersatu;;;LSM
2022;2;Jawa Timur;Kab. Gresik;Gemes Sekardadu;BSI;A;48,32;48,32;0,00;0,00;48,32;0,00;0,00;Jl. Raya Dewi Sekardadu;;;Masyarakat
2022;2;Jawa Timur;Kab. Gresik;PERMATA KISIK;BSI;A;18,25;18,21;0,00;0,00;18,21;0,00;0,00;Jl. Poros Desa Kisik;;;Masyarakat
2022;2;Jawa Timur;Kab. Gresik;Hobastank;BSI;A;7,30;6,94;0,00;0,00;5,72;1,22;0,00;Gending;;;Masyarakat
2022;2;Jawa Timur;Kab. Gresik;Bank Sampah Meduran Bersatu;BSI;A;29,57;26,34;0,00;0,00;26,34;0,00;0,00;Meduran Bersatu;;;LSM
2022;2;Jawa Timur;Kab. Gresik;Gemes Sekardadu;BSI;A;48,32;48,32;0,00;0,00;48,32;0,00;0,00;Jl. Raya Dewi Sekardadu;;;Masyarakat
2022;2;Jawa Timur;Kab. Gresik;PERMATA KISIK;BSI;A;18,25;18,21;0,00;0,00;18,21;0,00;0,00;Jl. Poros Desa Kisik;;;Masyarakat
2022;2;Jawa Timur;Kab. Sampang;Bank Sampah SAKERA;BSI;A;76.650,00;0,00;0,00;0,00;0,00;0,00;0,00;Jl. Ajigunung;RONG TENGAH;Sampang;Pemda
2022;2;Jawa Timur;Kab. Sampang;Go Green;BSI;A;73,00;73,00;10,95;3,65;29,20;29,20;0,00;Jl. Agus Salim;;;Masyarakat
2022;2;Jawa Timur;Kab. Sampang;Bank Sampah SAKERA;BSI;A;76.650,00;0,00;0,00;0,00;0,00;0,00;0,00;Jl. Ajigunung;RONG TENGAH;Sampang;Pemda
2022;2;Jawa Timur;Kab. Sampang;Go Green;BSI;A;73,00;73,00;10,95;3,65;29,20;29,20;0,00;Jl. Agus Salim;;;Masyarakat
2022;2;Jawa Timur;Kab. Pamekasan;Bank Sampah Flamboyan Pamekasan;BSI;A;313,90;309,36;0,00;0,00;309,36;0,00;0,00;Jl. Mandilaras RW. 08;Kelurahan Gladak Anyar;Pamekasan;LSM
2022;2;Jawa Timur;Kab. Pamekasan;Bank Sampah Flamboyan Pamekasan;BSI;A;313,90;309,36;0,00;0,00;309,36;0,00;0,00;Jl. Mandilaras RW. 08;Kelurahan Gladak Anyar;Pamekasan;LSM
2022;2;Jawa Timur;Kab. Sumenep;Bank Sampah induk Sumekar Sumenep;BSI;A;6,83;6,77;0,00;0,00;6,77;0,00;0,00;Jl. KH Mansyur No. 25;;;Pemda
2022;2;Jawa Timur;Kab. Sumenep;Bank Sampah induk Sumekar Sumenep;BSI;A;6,83;6,77;0,00;0,00;6,77;0,00;0,00;Jl. KH Mansyur No. 25;;;Pemda
2022;2;Jawa Timur;Kota Kediri;BANK SAMPAH INDUK DLHKP;BSI;A;3,47;3,47;0,00;2,56;0,91;0,00;0,00;JL MAYOR BISMO NO 04 KOTA KEDIRI;;;Pemda
2022;2;Jawa Timur;Kota Blitar;Bank Sampah Induk ORBIT;BSI;A;15,33;14,97;0,00;0,00;14,97;0,00;0,00;Nakulo RT 04 RW 06;Kepanjenlor;Kepanjenkidul;Masyarakat
2022;2;Jawa Timur;Kota Malang;Bank Sampah Induk BANK SAMPAH MALANG;BSI;A;773,80;764,31;0,00;0,00;726,10;38,22;0,00;JL. S. SUPRIADI NO. 38A;SUKUN;SUKUN;LSM
2022;2;Jawa Timur;Kota Probolinggo;Bank Sampah Induk Bank Sampah Maspro Mesra;BSI;A;20,26;17,45;0,00;0,00;17,45;0,00;0,00;Jalan Anggrek;Sukabumi;Mayangan;Pemda
2022;2;Jawa Timur;Kota Mojokerto;Bank Sampah Induk Kota Mojokerto;BSI;A;0,07;0,07;0,00;0,00;0,07;0,00;0,00;JL. TPA RANDEGAN;Kedundung;Magersari;LSM
2022;1;Jawa Timur;Kota Madiun;Bank Sampah Induk Kota Madiun;BSI;A;25,55;0,00;0,00;0,00;0,00;0,00;0,00;Candi Sewu;Madiun Lor;Manguharjo;Pemda
2022;2;Jawa Timur;Kota Surabaya;Bank Sampah Induk Surabaya - Yayasan Bina Bhakti Lingkungan;BSI;A;438,77;438,52;0,00;0,00;438,52;0,00;0,00;Jalan Ngagel Timur No. 26;Pucangsewu;Gubeng;LSM
2022;2;Jawa Timur;Kota Batu;Bank Sampah Induk ELHA;BSI;A;182,50;33,75;0,00;0,00;33,75;0,00;0,00;JL. Abdul Ghani Atas Gg. 4;Ngaglik;Batu;Pemda
2022;2;Banten;Kab. Lebak;Bank Sampah Induk;BSI;A;273,75;273,75;0,00;0,00;273,75;0,00;0,00;Jl. Langlang Buana 02 / 02;Rangkasbitung Timur;Rangkasbitung;Pemda
2022;2;Banten;Kab. Lebak;Bank Sampah Induk;BSI;A;273,75;273,75;0,00;0,00;273,75;0,00;0,00;Jl. Langlang Buana 02 / 02;Rangkasbitung Timur;Rangkasbitung;Pemda
2022;2;Banten;Kota Tangerang;Bank Sampah Induk Kota Tangerang;BSI;A;21,90;21,90;0,00;0,00;21,90;0,00;0,00;Jl. Terminal Cimone, RT.002/RW.001;;;LSM
2022;2;Banten;Kota Serang;Bank Sampah Digital;BSI;A;547,50;547,50;0,00;0,00;547,50;0,00;0,00;Perumahan Ciracas Serang;;;LSM
2022;2;Banten;Kota Serang;Bank Sampah Induk Poster;BSI;A;182,50;182,50;0,00;182,50;0,00;0,00;0,00;Jl.Kyai H.Abdul Latif;;;Masyarakat
2022;2;Bali;Kab. Gianyar;"Bank Sampah Induk Bank Sampah Mitra Gianyar ""BAGUS""";BSI;A;365,00;188,52;0,00;0,00;188,52;0,00;0,00;Jalan Raya Temesi Dusun Temesi;Temesi;Gianyar;LSM
2022;2;Bali;Kab. Gianyar;Bank Sampah Induk Griya Luhu;BSI;A;146,00;146,00;0,00;0,00;146,00;0,00;0,00;Kelurahan Beng;;;LSM
2022;2;Bali;Kab. Gianyar;Bank Sampah Induk Parahyangan Green Recycle;BSI;A;138,70;131,77;0,00;0,00;131,77;0,00;0,00;Desa Melinggih, Payangan;;;LSM
2022;2;Bali;Kab. Gianyar;"Bank Sampah Induk Bank Sampah Mitra Gianyar ""BAGUS""";BSI;A;365,00;188,52;0,00;0,00;188,52;0,00;0,00;Jalan Raya Temesi Dusun Temesi;Temesi;Gianyar;LSM
2022;2;Bali;Kab. Gianyar;Bank Sampah Induk Griya Luhu;BSI;A;146,00;146,00;0,00;0,00;146,00;0,00;0,00;Kelurahan Beng;;;LSM
2022;2;Bali;Kab. Gianyar;Bank Sampah Induk Parahyangan Green Recycle;BSI;A;138,70;131,77;0,00;0,00;131,77;0,00;0,00;Desa Melinggih, Payangan;;;LSM
2022;2;Bali;Kab. Klungkung;Bank sampah Takmung Asri;BSI;A;36,50;36,50;0,00;0,00;36,50;0,00;0,00;Takmung;Takmung;Banjarangkan;Masyarakat
2022;2;Bali;Kab. Klungkung;Bank sampah Takmung Asri;BSI;A;36,50;36,50;0,00;0,00;36,50;0,00;0,00;Takmung;Takmung;Banjarangkan;Masyarakat
2022;2;Bali;Kab. Bangli;Dywik;BSI;A;1.058,50;1.036,28;0,37;17,06;1.014,11;4,75;0,00;Jl. DR. Ir. Suekarno Br. Siladan, Desa Tamanbali, Bangli;Tamanbali;Bangli;LSM
2022;2;Bali;Kab. Bangli;Dywik;BSI;A;1.058,50;1.036,28;0,37;17,06;1.014,11;4,75;0,00;Jl. DR. Ir. Suekarno Br. Siladan, Desa Tamanbali, Bangli;Tamanbali;Bangli;LSM
2022;2;Bali;Kab. Karangasem;Bank Sampah Induk Sentral Amlapura;BSI;A;5.475,00;5.475,00;0,00;0,00;5.475,00;0,00;0,00;Diponegoro;Karangasem;Karangasem;LSM
2022;2;Bali;Kab. Karangasem;Bank Sampah Induk Sentral Amlapura;BSI;A;5.475,00;5.475,00;0,00;0,00;5.475,00;0,00;0,00;Diponegoro;Karangasem;Karangasem;LSM
2022;2;Bali;Kota Denpasar;BANK SAMPAH BALI WASTU LESTARI;BSI;A;1.733,75;1.733,75;0,00;0,00;1.733,75;0,00;0,00;JL. AYANI UTARA GANG GARUDA,NO. 1;PEGUYANGAN;DENPASAR UTARA;LSM
2022;2;Bali;Kota Denpasar;BANK SAMPAH BALI BERSIH;BSI;A;1.642,50;1.642,50;0,00;0,00;1.642,50;0,00;0,00;Jalan Kebo Iwa Selatan Gang. Agastia No.3;;;LSM
2022;2;Nusa Tenggara Barat;Kab. Lombok Barat;Bank Sampah Pedas Lombok NTB;BSI;A;365,00;0,22;0,00;0,00;0,00;0,22;0,00;Desa Karang bayan;;;LSM
2022;2;Nusa Tenggara Barat;Kab. Lombok Barat;Bank Sampah Mandiri Sejahtera;BSI;A;36,50;14,60;10,95;3,65;0,00;0,00;0,00;Gerung;;;Masyarakat
2022;2;Nusa Tenggara Barat;Kab. Lombok Barat;Bank Sampah Pedas Lombok NTB;BSI;A;365,00;0,22;0,00;0,00;0,00;0,22;0,00;Desa Karang bayan;;;LSM
2022;2;Nusa Tenggara Barat;Kab. Lombok Barat;Bank Sampah Mandiri Sejahtera;BSI;A;36,50;14,60;10,95;3,65;0,00;0,00;0,00;Gerung;;;Masyarakat
2022;2;Nusa Tenggara Barat;Kab. Lombok Tengah;Bank Sampah Induk Bintang Sejahtera;BSI;A;912,50;912,50;0,00;0,00;912,50;0,00;0,00;Tanak Awu Pujut;;;LSM
2022;2;Nusa Tenggara Barat;Kab. Lombok Tengah;BSI Regional Bumi Tastura Bersatu;BSI;A;1.277,50;1.277,50;0,00;182,50;1.095,00;0,00;0,00;Sepakek;;;Masyarakat
2022;2;Nusa Tenggara Barat;Kab. Lombok Tengah;Bank Sampah Induk Bintang Sejahtera;BSI;A;912,50;912,50;0,00;0,00;912,50;0,00;0,00;Tanak Awu Pujut;;;LSM
2022;2;Nusa Tenggara Barat;Kab. Lombok Tengah;BSI Regional Bumi Tastura Bersatu;BSI;A;1.277,50;1.277,50;0,00;182,50;1.095,00;0,00;0,00;Sepakek;;;Masyarakat
2022;2;Nusa Tenggara Barat;Kota Mataram;BANK SAMPAH LISAN DAN MATARAM MAGGOT CENTER KOTA MATARAM;BSI;A;4.146,40;4.045,48;4.025,95;0,00;19,53;0,00;0,00;JLN. TGH AHYAR ABDUH LINGKUNGAN KEBON TALO JAYA;AMPENAN UTARA;AMPENAN;LSM
2022;2;Kalimantan Barat;Kota Pontianak;BSI Khatulistiwa;BSI;A;281,05;281,05;0,00;0,00;281,05;0,00;0,00;Jl. Nipah Kuning Dalam;;;LSM
2022;2;Kalimantan Barat;Kota Singkawang;Besaprah;BSI;A;66,58;66,57;0,00;0,00;66,57;0,00;0,00;Jl. Pramuka;;;Pemda
2022;2;Kalimantan Tengah;Kab. Kapuas;Bank Sampah Induk SINAR HARAPAN MULIA;BSI;A;883,30;883,30;0,00;0,00;883,30;0,00;0,00;Jl. Pemuda KM. 5,5 Komplek Perumahan Sosial -;Selat Utara;Selat;LSM
2022;2;Kalimantan Tengah;Kab. Kapuas;Bank Sampah Induk SINAR HARAPAN MULIA;BSI;A;883,30;883,30;0,00;0,00;883,30;0,00;0,00;Jl. Pemuda KM. 5,5 Komplek Perumahan Sosial -;Selat Utara;Selat;LSM
2022;2;Kalimantan Tengah;Kab. Barito Selatan;Bank Sampah Buntok;BSI;A;3,29;3,20;0,00;0,00;3,20;0,00;0,00;Jl. Uria Mapas Buntok;Hilir Sper;Dusun Selatan;Pemda
2022;2;Kalimantan Tengah;Kab. Barito Selatan;Bank Sampah Buntok;BSI;A;3,29;3,20;0,00;0,00;3,20;0,00;0,00;Jl. Uria Mapas Buntok;Hilir Sper;Dusun Selatan;Pemda
2022;2;Kalimantan Tengah;Kab. Barito Utara;Bank Sampah Induk BANK SAMPAH DINAS LINGKUNGAN HIDUP KABUPATEN BARITO UTARA;BSI;A;25,55;0,00;0,00;0,00;0,00;0,00;0,00;SIMPANG PRAMUKA I;LANJAS;TEWEH TENGAH;Pemda
2022;2;Kalimantan Tengah;Kab. Barito Utara;Bank Sampah Induk BANK SAMPAH DINAS PUPR KABUPATEN BARITO UTARA;BSI;A;25,55;25,55;0,00;0,00;25,55;0,00;0,00;PENDREH;MELAYU;TEWEH TENGAH;Pemda
2022;2;Kalimantan Tengah;Kab. Barito Utara;Bank Sampah Induk BANK SAMPAH DINAS LINGKUNGAN HIDUP KABUPATEN BARITO UTARA;BSI;A;25,55;0,00;0,00;0,00;0,00;0,00;0,00;SIMPANG PRAMUKA I;LANJAS;TEWEH TENGAH;Pemda
2022;2;Kalimantan Tengah;Kab. Barito Utara;Bank Sampah Induk BANK SAMPAH DINAS PUPR KABUPATEN BARITO UTARA;BSI;A;25,55;25,55;0,00;0,00;25,55;0,00;0,00;PENDREH;MELAYU;TEWEH TENGAH;Pemda
2022;2;Kalimantan Tengah;Kota Palangkaraya;Bank Sampah Induk;BSI;A;182,50;14,97;0,00;0,00;14,97;0,00;0,00;Jalan  Anoi;;;Pemda
2022;2;Kalimantan Selatan;Kab. Barito Kuala;Bank Sampah Induk Kuala Lupak;BSI;A;182,50;182,50;0,00;0,00;182,50;0,00;0,00;Desa Kuala Lupak;Desa Kuala Lupak;Tabunganen;Pemda
2022;2;Kalimantan Selatan;Kab. Barito Kuala;Bank Sampah Induk Kuala Lupak;BSI;A;182,50;182,50;0,00;0,00;182,50;0,00;0,00;Desa Kuala Lupak;Desa Kuala Lupak;Tabunganen;Pemda
2022;2;Kalimantan Selatan;Kab. Tapin;Bank Sampah Induk Tapin;BSI;A;688,03;684,38;0,00;0,00;684,38;0,00;0,00;Gubernur H.Aberani Sulaiman RT.011 / RW.02;Rantau Kiwa;Tapin Utara;Pemda
2022;2;Kalimantan Selatan;Kab. Tapin;Bank Sampah Induk Tapin;BSI;A;688,03;684,38;0,00;0,00;684,38;0,00;0,00;Gubernur H.Aberani Sulaiman RT.011 / RW.02;Rantau Kiwa;Tapin Utara;Pemda
2022;2;Kalimantan Selatan;Kab. Hulu Sungai Selatan;Bank Sampah Induk Hulu Sungai Selatan;BSI;A;255,50;251,85;0,00;0,00;219,00;32,85;0,00;Panyumbalihan  IV/4;KANDANGAN BARAT;KANDANGAN;Pemda
2022;2;Kalimantan Selatan;Kab. Hulu Sungai Selatan;Bank Sampah Induk Hulu Sungai Selatan;BSI;A;255,50;251,85;0,00;0,00;219,00;32,85;0,00;Panyumbalihan  IV/4;KANDANGAN BARAT;KANDANGAN;Pemda
2022;2;Kalimantan Selatan;Kab. Hulu Sungai Tengah;Bank Sampah Murakata Induk 001 DLHP;BSI;A;120,82;120,45;0,00;0,00;120,45;0,00;0,00;Jalan Sungai Tabuk Halaman Dinas LHP;;;Pemda
2022;2;Kalimantan Selatan;Kab. Hulu Sungai Tengah;Bank Sampah Urban Dewan;BSI;A;185,03;185,03;0,00;0,00;185,03;0,00;0,00;Kelurahan Bukat;;;Masyarakat
2022;2;Kalimantan Selatan;Kab. Hulu Sungai Tengah;Bank Sampah Murakata Induk 001 DLHP;BSI;A;120,82;120,45;0,00;0,00;120,45;0,00;0,00;Jalan Sungai Tabuk Halaman Dinas LHP;;;Pemda
2022;2;Kalimantan Selatan;Kab. Hulu Sungai Tengah;Bank Sampah Urban Dewan;BSI;A;185,03;185,03;0,00;0,00;185,03;0,00;0,00;Kelurahan Bukat;;;Masyarakat
2022;2;Kalimantan Selatan;Kota Banjarbaru;Bank Sampah Banjarbaru;BSI;A;7,23;7,20;0,00;0,00;7,20;0,00;0,00;Jl. Trikora RT.05 RW.04;Loktabat Selatan;Banjarbaru Selatan;LSM
2022;2;Kalimantan Timur;Kab. Paser;Bank Sampah Induk Mahabbah;BSI;A;172,97;104,59;0,00;0,00;103,82;0,76;0,00;Jl. Kusuma Bangsa;Tepian Batang;Tanah Grogot;Pemda
2022;2;Kalimantan Timur;Kab. Paser;Bank Sampah Induk Mahabbah;BSI;A;172,97;104,59;0,00;0,00;103,82;0,76;0,00;Jl. Kusuma Bangsa;Tepian Batang;Tanah Grogot;Pemda
2022;2;Kalimantan Timur;Kab. Berau;Bank Sampah Induk Sanggam;BSI;A;15,34;0,00;0,00;0,00;0,00;0,00;0,00;Dewantara 11;Karang Ambun;Tanjung Redeb;Pemda
2022;2;Kalimantan Timur;Kab. Berau;Bank Sampah Induk Sanggam;BSI;A;15,34;0,00;0,00;0,00;0,00;0,00;0,00;Dewantara 11;Karang Ambun;Tanjung Redeb;Pemda
2022;2;Kalimantan Timur;Kab. Kutai Timur;Bank Sampah RKPL;BSI;A;1,46;0,00;0,00;0,00;0,00;0,00;0,00;Kabo;Swargabara;Samgatta Utara;LSM
2022;2;Kalimantan Timur;Kab. Kutai Timur;Bank Sampah Berseri;BSI;A;0,73;0,00;0,00;0,00;0,00;0,00;0,00;Jln. Poros Bontang - Samarinda Km. 13 RT. 18 Desa Suka Damai Kec. Teluk Pandan;;;Masyarakat
2022;2;Kalimantan Timur;Kab. Kutai Timur;Tim Pembina Bank Sampah;BSI;A;146,00;16,43;2,92;0,00;9,86;3,65;0,00;Gg. Sulawesi;;;LSM
2022;2;Kalimantan Timur;Kab. Kutai Timur;Bank Sampah RKPL;BSI;A;1,46;0,00;0,00;0,00;0,00;0,00;0,00;Kabo;Swargabara;Samgatta Utara;LSM
2022;2;Kalimantan Timur;Kab. Kutai Timur;Bank Sampah Berseri;BSI;A;0,73;0,00;0,00;0,00;0,00;0,00;0,00;Jln. Poros Bontang - Samarinda Km. 13 RT. 18 Desa Suka Damai Kec. Teluk Pandan;;;Masyarakat
2022;2;Kalimantan Timur;Kab. Kutai Timur;Tim Pembina Bank Sampah;BSI;A;146,00;16,43;2,92;0,00;9,86;3,65;0,00;Gg. Sulawesi;;;LSM
2022;2;Kalimantan Timur;Kab. Penajam Paser Utara;Bank Sampah Induk Benuo Taka;BSI;A;34,09;33,12;0,00;0,00;33,12;0,00;0,00;Nenang;Nenang;Penajam;Pemda
2022;2;Kalimantan Timur;Kab. Penajam Paser Utara;Bank Sampah Induk Benuo Taka;BSI;A;34,09;33,12;0,00;0,00;33,12;0,00;0,00;Nenang;Nenang;Penajam;Pemda
2022;1;Kalimantan Timur;Kota Balikpapan;Bank Sampah Induk I;BSI;A;394,20;286,01;0,00;0,00;286,01;0,00;0,00;Jl. Proklamasi;Manggar;Balikpapan Timur;Masyarakat
2022;2;Kalimantan Timur;Kota Balikpapan;Bank Sampah Induk Kota Hijau;BSI;A;7,30;7,30;0,00;0,00;7,30;0,00;0,00;Jl. Daksa Barat, RT.01;;;LSM
2022;2;Kalimantan Timur;Kota Samarinda;BSI Bungas Mahakam;BSI;A;685,40;685,33;0,00;0,00;685,33;0,00;0,00;Jl. Padat Karya gg Ring Road Bengkuring;;;Masyarakat
2022;2;Kalimantan Timur;Kota Bontang;Bessai Berinta;BSI;A;182,50;182,50;0,00;0,00;182,50;0,00;0,00;Jl. Kapten Piere Tendean RT. 09;Kelurahan Bontang Kuala;Bontang Utara;Pemda
2022;2;Kalimantan Utara;Kab. Nunukan;Bank Sampah Induk Nunukan;BSI;A;0,99;0,96;0,00;0,00;0,00;0,96;0,00;Jl. Tunggal Tanggul;Nunukan Barat;Nunukan;Pemda
2022;2;Kalimantan Utara;Kab. Nunukan;Bank Sampah Induk Nunukan;BSI;A;0,99;0,96;0,00;0,00;0,00;0,96;0,00;Jl. Tunggal Tanggul;Nunukan Barat;Nunukan;Pemda
2022;2;Sulawesi Utara;Kab. Kepulauan Sangihe;Bank Sampah Malahasa;BSI;A;3,65;3,48;0,00;0,00;3,48;0,00;0,00;Area Terminal Tona;;;LSM
2022;2;Sulawesi Utara;Kab. Kepulauan Sangihe;Bank Sampah Malahasa;BSI;A;3,65;3,48;0,00;0,00;3,48;0,00;0,00;Area Terminal Tona;;;LSM
2022;2;Sulawesi Utara;Kab. Minahasa Selatan;Bank Sampah Kace Kai Ang;BSI;A;1.121,28;820,52;200,75;12,78;602,25;4,75;0,00;TPA Mobongo;Kawangkoan Bawah;Amurang Barat;Masyarakat
2022;2;Sulawesi Utara;Kab. Minahasa Selatan;Bank Sampah Kace Kai Ang;BSI;A;1.121,28;820,52;200,75;12,78;602,25;4,75;0,00;TPA Mobongo;Kawangkoan Bawah;Amurang Barat;Masyarakat
2022;2;Sulawesi Utara;Kota Bitung;"Bank Sampah Induk ""PROMIRAH'' Kota Bitung";BSI;A;47,85;45,26;0,00;0,00;45,26;0,00;0,00;Girian Indah;;;Masyarakat
2022;2;Sulawesi Utara;Kota Bitung;Bank Sampah Madidir Ure;BSI;A;2,19;2,19;0,00;0,37;1,83;0,00;0,00;Madidir Ure;;;Masyarakat
2022;2;Sulawesi Utara;Kota Bitung;"Bank Sampah ""Torang Punya""";BSI;A;2,19;2,19;0,00;0,37;1,83;0,00;0,00;Kel. Sagerat Weru Satu;;;Masyarakat
2022;2;Sulawesi Utara;Kota Bitung;"Bank Sampah ""Amanah""";BSI;A;2,19;2,19;0,00;0,37;1,83;0,00;0,00;Kel. Girian Bawah;;;Masyarakat
2022;2;Sulawesi Utara;Kota Bitung;Bank Sampah Cemara;BSI;A;2,19;2,19;0,00;0,37;1,83;0,00;0,00;Kel. Girian Weru Dua;;;Masyarakat
2022;2;Sulawesi Utara;Kota Bitung;Bank Sampah Girian Indah;BSI;A;2,19;2,19;0,00;0,37;1,83;0,00;0,00;Kel. Girian Indah;;;Masyarakat
2022;2;Sulawesi Utara;Kota Kotamobagu;Bank Sampah Induk Idaman;BSI;A;356,61;355,88;0,00;0,00;355,88;0,00;0,00;Raya AKD;Poyowa Kecil;Kotamobagu Selatan;Masyarakat
2022;2;Sulawesi Tengah;Kab. Banggai;Bank Sampah Induk BERLIAN;BSI;A;1,83;1,83;0,00;0,00;1,83;0,00;0,00;JL. J. URIP SUMORHAJO NO. 2;KARATON;LUWUK;Masyarakat
2022;2;Sulawesi Tengah;Kab. Banggai;Bank Sampah Induk BERLIAN;BSI;A;1,83;1,83;0,00;0,00;1,83;0,00;0,00;JL. J. URIP SUMORHAJO NO. 2;KARATON;LUWUK;Masyarakat
2022;2;Sulawesi Tengah;Kab. Donggala;Bank Sampah Induk Donggala Jaya;BSI;A;912,50;912,50;0,00;365,00;547,50;0,00;0,00;Jl. Labuan Bajo;Labuan Bajo;Banawa;Masyarakat
2022;2;Sulawesi Tengah;Kab. Morowali;Bank Sampah Induk Moroa;BSI;A;58,40;0,00;0,00;0,00;0,00;0,00;0,00;Komplex Kota Terpadu Mandiri Desa Bahomohoni;-;Bungku Tengah;Pemda
2022;2;Sulawesi Tengah;Kab. Morowali;Bank Sampah Induk Moroa;BSI;A;58,40;0,00;0,00;0,00;0,00;0,00;0,00;Komplex Kota Terpadu Mandiri Desa Bahomohoni;-;Bungku Tengah;Pemda
2022;2;Sulawesi Tengah;Kab. Parigi Moutong;Parigita;BSI;A;470,47;350,90;0,00;0,00;350,90;0,00;0,00;Jl. Kampali Kompleks perkantoran Desa Bambalemo;Desa Bambalembo;Parigi;Pemda
2022;2;Sulawesi Tengah;Kab. Parigi Moutong;Parigita;BSI;A;470,47;350,90;0,00;0,00;350,90;0,00;0,00;Jl. Kampali Kompleks perkantoran Desa Bambalemo;Desa Bambalembo;Parigi;Pemda
2022;2;Sulawesi Selatan;Kab. Kepulauan Selayar;Bank Sampah Tanadoang;BSI;A;50,95;50,95;0,00;0,00;50,95;0,00;0,00;Jalan Metro No 1 Benteng;Benteng Utara;Benteng;Pemda
2022;2;Sulawesi Selatan;Kab. Kepulauan Selayar;Bank Sampah Tanadoang;BSI;A;50,95;50,95;0,00;0,00;50,95;0,00;0,00;Jalan Metro No 1 Benteng;Benteng Utara;Benteng;Pemda
2022;2;Sulawesi Selatan;Kab. Bulukumba;Bank Sampah Induk MANDIRI;BSI;A;1.087,44;1.086,46;0,00;5,11;1.081,35;0,00;0,00;KOMP.TAMAN KOTA;LOKA;UJUNG BULU;LSM
2022;2;Sulawesi Selatan;Kab. Bantaeng;Bank Sampah Induk Butta Toa;BSI;A;273,75;273,75;0,00;18,25;255,50;0,00;0,00;Bonto Sunggu;Bonto Sunggu;Bissappu;Pemda
2022;2;Sulawesi Selatan;Kab. Bantaeng;Bank Sampah Induk Butta Toa;BSI;A;273,75;273,75;0,00;18,25;255,50;0,00;0,00;Bonto Sunggu;Bonto Sunggu;Bissappu;Pemda
2022;2;Sulawesi Selatan;Kab. Sinjai;Bank Sampah Induk Bank Sampah Sinjai Bersatu;BSI;A;286,79;257,91;0,00;0,00;255,50;2,41;0,00;Persatuan Raya No. 141;Biringere;Sinjai Utara;LSM
2022;2;Sulawesi Selatan;Kab. Sinjai;Bank Sampah Induk Bank Sampah Sinjai Bersatu;BSI;A;286,79;257,91;0,00;0,00;255,50;2,41;0,00;Persatuan Raya No. 141;Biringere;Sinjai Utara;LSM
2022;2;Sulawesi Selatan;Kab. Bone;Bank Sampah Induk MABESSA;BSI;A;43,80;42,78;0,00;0,00;41,03;1,75;0,00;Jl. Lappawawoi Kr. Sigeri;Biru;Tanete Riattang;Pemda
2022;2;Sulawesi Selatan;Kab. Bone;Bank Sampah Induk MABESSA;BSI;A;43,80;42,78;0,00;0,00;41,03;1,75;0,00;Jl. Lappawawoi Kr. Sigeri;Biru;Tanete Riattang;Pemda
2022;2;Sulawesi Selatan;Kab. Maros;BANK SAMPAH INDUK TURIKALE;BSI;A;638,75;620,50;0,00;0,00;620,50;0,00;0,00;Jl. Nasrum Amrullah;Pettuadae;Turikale;LSM
2022;2;Sulawesi Selatan;Kab. Maros;BANK SAMPAH INDUK TURIKALE;BSI;A;638,75;620,50;0,00;0,00;620,50;0,00;0,00;Jl. Nasrum Amrullah;Pettuadae;Turikale;LSM
2022;2;Sulawesi Selatan;Kab. Pangkajene Kepulauan;BANK SAMPAH INDUK RAHMAWATI;BSI;A;12,08;9,79;0,00;0,00;9,79;0,00;0,00;JL. SULTAN HASANUDDIN;PADOANG-DOANGAN;PANGKAJENE;Masyarakat
2022;2;Sulawesi Selatan;Kab. Barru;Bank Sampah Induk LESTARI;BSI;A;109,50;104,68;0,00;0,00;104,68;0,00;0,00;Bottolai;Coppo;Barru;Masyarakat
2022;2;Sulawesi Selatan;Kab. Barru;Bank Sampah Induk ANUGERAH ALAM;BSI;A;83,95;80,30;0,00;0,00;80,30;0,00;0,00;Jl. Tinumbu;Mangempang;Barru;Masyarakat
2022;2;Sulawesi Selatan;Kab. Soppeng;"Bank Sampah Induk ""Mappepaccing""";BSI;A;0,95;0,78;0,00;0,00;0,78;0,00;0,00;Lempa;Lalabata Rilau;Lalabata;LSM
2022;2;Sulawesi Selatan;Kab. Soppeng;"Bank Sampah Induk ""Mappepaccing""";BSI;A;0,95;0,78;0,00;0,00;0,78;0,00;0,00;Lempa;Lalabata Rilau;Lalabata;LSM
2022;2;Sulawesi Selatan;Kab. Wajo;Bank Sampah Padduppa;BSI;A;187,98;9,24;0,00;0,00;0,00;9,24;0,00;Lepppangeng;;;Masyarakat
2022;2;Sulawesi Selatan;Kab. Wajo;Bank Sampah Padduppa;BSI;A;187,98;9,24;0,00;0,00;0,00;9,24;0,00;Lepppangeng;;;Masyarakat
2022;2;Sulawesi Selatan;Kab. Sidenreng Rappang;Bank Sampah Induk Sidrap;BSI;A;0,00;0,00;0,00;0,00;0,00;0,00;0,00;Jalan Ressan No. 3 Pangkajene Sidenreng;Majjelling;Maritengngae;Pemda
2022;2;Sulawesi Selatan;Kab. Sidenreng Rappang;Bank Sampah Induk Sidrap;BSI;A;0,00;0,00;0,00;0,00;0,00;0,00;0,00;Jalan Ressan No. 3 Pangkajene Sidenreng;Majjelling;Maritengngae;Pemda
2022;2;Sulawesi Selatan;Kab. Pinrang;Bank sampah peduli pinrang;BSI;A;186,15;184,18;0,00;0,00;184,18;0,00;0,00;Jl. Bulu Saraung;;;Masyarakat
2022;2;Sulawesi Selatan;Kab. Pinrang;Bank sampah peduli pinrang;BSI;A;186,15;184,18;0,00;0,00;184,18;0,00;0,00;Jl. Bulu Saraung;;;Masyarakat
2022;2;Sulawesi Selatan;Kab. Enrekang;Bank Sampah Induk BANK SAMPAH PUSAT ENREKANG;BSI;A;870,16;687,66;0,00;0,00;687,66;0,00;0,00;JL. JENDERAL SUDIRMAN NO. 22;KELURAHAN LEORAN;ENREKANG;LSM
2022;2;Sulawesi Selatan;Kab. Enrekang;Bank Sampah Induk BANK SAMPAH PUSAT ENREKANG;BSI;A;870,16;687,66;0,00;0,00;687,66;0,00;0,00;JL. JENDERAL SUDIRMAN NO. 22;KELURAHAN LEORAN;ENREKANG;LSM
2022;2;Sulawesi Selatan;Kab. Luwu Timur;Bank Sampah Luwu Timur (BSLT);BSI;A;94,90;94,90;0,00;0,00;94,90;0,00;0,00;R.A. Kartini;Puncak Indah;Malili;Masyarakat
2022;2;Sulawesi Selatan;Kab. Luwu Timur;Bank Sampah Luwu Timur (BSLT);BSI;A;94,90;94,90;0,00;0,00;94,90;0,00;0,00;R.A. Kartini;Puncak Indah;Malili;Masyarakat
2022;2;Sulawesi Selatan;Kota Parepare;Bank Sampah Labukkang;BSI;A;11,86;11,50;0,00;0,00;11,50;0,00;0,00;Jl. Mattirotasi;;;Masyarakat
2022;2;Sulawesi Selatan;Kota Parepare;Bank Sampah Peduli;BSI;A;9,13;8,30;0,00;0,00;8,30;0,00;0,00;Jl. H. A. Arsyad;;;Masyarakat
2022;2;Sulawesi Selatan;Kota Palopo;Bank Sampah Induk Mappacing;BSI;A;189,80;188,34;0,00;0,00;188,34;0,00;0,00;Dr.Ratulangi;Batuwalenrang;Telluwanua;LSM
2022;2;Sulawesi Tenggara;Kab. Kolaka;NAMPAH;BSI;A;36,14;35,41;0,00;0,00;30,66;4,75;0,00;Jl. Badewi;Laloeha;Kolaka;Masyarakat
2022;2;Sulawesi Tenggara;Kab. Kolaka;NAMPAH;BSI;A;36,14;35,41;0,00;0,00;30,66;4,75;0,00;Jl. Badewi;Laloeha;Kolaka;Masyarakat
2022;2;Sulawesi Tenggara;Kab. Kolaka Utara;RINDU ALAM;BSI;A;547,50;547,50;0,00;0,00;547,50;0,00;0,00;JL. adiyaksa;LASUSUA;LASUSUA;LSM
2022;2;Sulawesi Tenggara;Kab. Kolaka Utara;RINDU ALAM;BSI;A;547,50;547,50;0,00;0,00;547,50;0,00;0,00;JL. adiyaksa;LASUSUA;LASUSUA;LSM
2022;2;Sulawesi Tenggara;Kota Bau Bau;Bank Sampah Hijau lingkungan;BSI;A;109,50;109,50;0,00;0,00;91,25;18,25;0,00;Jl. Pahlawan;;;Masyarakat
2022;2;Gorontalo;Kab. Gorontalo;Gemilang;BSI;A;2.138,90;0,00;0,00;0,00;0,00;0,00;0,00;Jalan Yusuf Hasiru No 269;Kayubulan;Limboto;Pemda
2022;2;Gorontalo;Kab. Gorontalo;UD. Haniyah;BSI;A;5.475,00;0,00;0,00;0,00;0,00;0,00;0,00;Jalan A.A. Wahab;Ulapato A;Telaga Biru;LSM
2022;2;Gorontalo;Kab. Gorontalo;Gemilang;BSI;A;2.138,90;0,00;0,00;0,00;0,00;0,00;0,00;Jalan Yusuf Hasiru No 269;Kayubulan;Limboto;Pemda
2022;2;Gorontalo;Kab. Gorontalo;UD. Haniyah;BSI;A;5.475,00;0,00;0,00;0,00;0,00;0,00;0,00;Jalan A.A. Wahab;Ulapato A;Telaga Biru;LSM
2022;2;Gorontalo;Kab. Pohuwato;BANK SAMPAH HIMALAYA;BSI;A;532,90;532,83;0,00;0,00;532,83;0,00;0,00;PALOPO;PALOPO;MARISA;Pemda
2022;2;Gorontalo;Kab. Pohuwato;BANK SAMPAH HIMALAYA;BSI;A;532,90;532,83;0,00;0,00;532,83;0,00;0,00;PALOPO;PALOPO;MARISA;Pemda
2022;2;Gorontalo;Kota Gorontalo;Bank Sampah Induk ILOHELUMA;BSI;A;620,50;620,50;0,00;0,00;620,50;0,00;0,00;KOTA GORONTALO;;;LSM
2022;2;Sulawesi Barat;Kab. Mamuju;Bank Sampah Manakarra Keren;BSI;A;231.184,80;230.591,67;0,00;0,00;230.591,67;0,00;0,00;Jl. Soekarno Hatta;;;Pemda
2022;2;Sulawesi Barat;Kab. Mamuju;Bank Sampah Manakarra Keren;BSI;A;231.184,80;230.591,67;0,00;0,00;230.591,67;0,00;0,00;Jl. Soekarno Hatta;;;Pemda
2022;2;Maluku;Kab. Maluku Tengah;BANK SAMPAH DLH MALUKU TENGAH;BSI;A;11,68;11,68;0,00;0,00;11,68;0,00;0,00;JL. R.A. KARTINI - MASOHI;;;Pemda
2022;2;Maluku;Kab. Maluku Tengah;BANK SAMPAH DLH MALUKU TENGAH;BSI;A;11,68;11,68;0,00;0,00;11,68;0,00;0,00;JL. R.A. KARTINI - MASOHI;;;Pemda
2022;2;Maluku Utara;Kota Tidore Kepulauan;BSI Kota Tidore Kepulauan;BSI;A;70,08;0,00;0,00;0,00;0,00;0,00;0,00;Jalan Sultan Syaifuddin;Soasio;Tidore;Pemda
2022;2;Papua;Kab. Jayapura;KENAMBAI UMBAI;BSI;A;5.493,25;5.493,25;0,00;0,00;5.493,25;0,00;0,00;Jalan Komba RT 03 / RW 03;;;LSM
2022;2;Papua;Kab. Jayapura;KENAMBAI UMBAI;BSI;A;5.493,25;5.493,25;0,00;0,00;5.493,25;0,00;0,00;Jalan Komba RT 03 / RW 03;;;LSM
2022;2;Papua;Kab. Kepulauan Yapen;MANAINUMI;BSI;A;36,50;36,50;0,00;36,50;0,00;0,00;0,00;JLN. Waenakawini;;;Masyarakat
2022;2;Papua;Kab. Biak Numfor;Bank Sampah Biak (BSB);BSI;A;461,36;461,10;0,00;54,75;401,50;4,85;0,00;Jl. Pasar Darfuar Biak;Kelurahan Brambaken;Distrik Samofa;Pemda
2022;2;Papua;Kab. Biak Numfor;Bank Sampah Biak (BSB);BSI;A;461,36;461,10;0,00;54,75;401,50;4,85;0,00;Jl. Pasar Darfuar Biak;Kelurahan Brambaken;Distrik Samofa;Pemda
2022;2;Papua;Kota Jayapura;BANK SAMPAH INDUK JAYAPURA;BSI;A;57,82;48,50;0,00;0,00;48,50;0,00;0,00;Jalan Baru Walikota-Kodam;;;Pemda
2022;2;Papua Barat;Kab. Manokwari;Bank Sampah Induk DLHP Kab. Manokwari;BSI;A;365,00;365,00;0,00;0,00;365,00;0,00;0,00;Kantor Dinas Lingkungan Hidup dan Pertanahan Kab. Manokwari, Jl. Pahlawan No. 1;Sanggeng;Manokwari Barat;Pemda
2022;2;Papua Barat;Kab. Manokwari;Bank Sampah Induk DLHP Kab. Manokwari;BSI;A;365,00;365,00;0,00;0,00;365,00;0,00;0,00;Kantor Dinas Lingkungan Hidup dan Pertanahan Kab. Manokwari, Jl. Pahlawan No. 1;Sanggeng;Manokwari Barat;Pemda
2021;2;Aceh;Kab. Gayo Lues;Bank Sampah Seribu Bukit;BSI;A;1.095,00;365,00;0,00;0,00;365,00;0,00;0,00;Blangkejeren;;;Masyarakat
2021;2;Aceh;Kota Banda Aceh;Bank Sampah Induk Sadar Mandiri;BSI;A;1.132,08;1.117,48;0,00;0,00;1.117,48;0,00;0,00;Jl Tgk  Dianjong;kampung jawa;kuta raja;LSM
2021;2;Aceh;Kota Langsa;Bank Sampah Induk Srikandi;BSI;A;4,02;0,00;0,00;0,00;0,00;0,00;0,00;Jalan Prof. Majid Ibrahim No. 100;Matang Seulimeng;Langsa Barat;Masyarakat
2021;2;Sumatera Utara;Kab. Langkat;Bank Sampah Induk Stabat;BSI;A;726,35;722,70;0,00;0,00;722,70;0,00;0,00;Jl Karya Bakti;sidomulyo;stabat;Masyarakat
2021;2;Sumatera Utara;Kab. Langkat;Bank Sampah Induk Kuala;BSI;A;1.731,20;1.473,18;0,00;0,00;1.238,12;235,06;0,00;Jln Binjai Kuala  No 124;Bela Rakyat;Kuala;Masyarakat
2021;2;Sumatera Utara;Kab. Langkat;sumatera trash bank;BSI;A;438,00;423,04;0,00;0,00;423,04;0,00;0,00;bukit lawang;bahorok;bahorok;Masyarakat
2021;2;Sumatera Utara;Kab. Langkat;Bank Sampah Induk Stabat;BSI;A;726,35;722,70;0,00;0,00;722,70;0,00;0,00;Jl Karya Bakti;sidomulyo;stabat;Masyarakat
2021;2;Sumatera Utara;Kab. Langkat;Bank Sampah Induk Kuala;BSI;A;1.731,20;1.473,18;0,00;0,00;1.238,12;235,06;0,00;Jln Binjai Kuala  No 124;Bela Rakyat;Kuala;Masyarakat
2021;2;Sumatera Utara;Kab. Langkat;sumatera trash bank;BSI;A;438,00;423,04;0,00;0,00;423,04;0,00;0,00;bukit lawang;bahorok;bahorok;Masyarakat
2021;2;Sumatera Utara;Kab. Deli Serdang;BANK SAMPAH INDUK BERSERI;BSI;A;913,45;913,45;0,00;0,00;913,45;0,00;0,00;Jalan Inpres;;;Masyarakat
2021;2;Sumatera Utara;Kab. Deli Serdang;Bank Sampah Induk SUNGGAL MANDIRI;BSI;A;912,50;912,50;0,00;0,00;912,50;0,00;0,00;Bintang Terang Gg. Asem XVII;Muliorejo;Sunggal;Masyarakat
2021;2;Sumatera Utara;Kab. Asahan;Bank Sampah Srikandi;BSI;A;26.645,00;0,00;0,00;0,00;0,00;0,00;0,00;Jl. W.R. Supratman No. 13;Lestari;Kisaran Timur;Pemda
2021;2;Sumatera Utara;Kab. Asahan;Bank Sampah Srikandi;BSI;A;26.645,00;0,00;0,00;0,00;0,00;0,00;0,00;Jl. W.R. Supratman No. 13;Lestari;Kisaran Timur;Pemda
2021;2;Sumatera Utara;Kab. Toba;Bank Sampah Ias Toba;BSI;A;43,80;43,80;0,00;0,00;43,80;0,00;0,00;jl. Somba Debata No. 7 Balige;;;Pemda
2021;2;Sumatera Utara;Kab. Toba;Bank Sampah Ias Toba;BSI;A;43,80;43,80;0,00;0,00;43,80;0,00;0,00;jl. Somba Debata No. 7 Balige;;;Pemda
2021;2;Sumatera Utara;Kota Medan;BSI Sicanang;BSI;A;365,00;365,00;0,00;0,00;365,00;0,00;0,00;Jalan Kelapa Blok 21 Link 19;Kelurahan Belawan Sicanang;Medan Belawan;Masyarakat
2021;2;Sumatera Utara;Kota Medan;Bank Sampah Induk Bank Sampah Sektoral Sejahtera;BSI;A;1,83;1,83;0,00;0,00;1,83;0,00;0,00;Jalan Platina Lk. VII;Kelurahan Titi Papan;Medan Deli;Masyarakat
2021;2;Sumatera Utara;Kota Pematang Siantar;BANK SAMPAH INDUK KOTA PEMATANGSIANTAR;BSI;A;127,75;109,50;0,00;36,50;73,00;0,00;0,00;Jl. AMD (Komples Terminal Tanjung Pinggir);Tanjung Tongah;Siantar Martoba;Pemda
2021;2;Sumatera Utara;Kota Tebing Tinggi;Bank Sampah Induk BAJA;BSI;A;1.247,80;1.247,80;0,00;0,00;1.247,80;0,00;0,00;JL. Baja;Tebing Tinggi;Padang Hilir;LSM
2021;2;Sumatera Utara;Kota Tebing Tinggi;Bank Sampah Induk NEW KARYA MANDIRI;BSI;A;1.017,77;1.017,77;0,00;0,00;1.008,33;9,45;0,00;Jl. Bukit Bundar  LK 3;Lalang;Rambutan;LSM
2021;2;Sumatera Barat;Kab. Pesisir Selatan;Bank Sampah Induk HIGEMPAMA;BSI;A;401,50;401,50;0,00;0,00;401,50;0,00;0,00;Jl. Painan - Bengkulu;Painan Selatan;IV Jurai;Masyarakat
2021;2;Sumatera Barat;Kab. Pesisir Selatan;Bank Sampah Induk HIGEMPAMA;BSI;A;401,50;401,50;0,00;0,00;401,50;0,00;0,00;Jl. Painan - Bengkulu;Painan Selatan;IV Jurai;Masyarakat
2021;2;Sumatera Barat;Kab. Tanah Datar;Bank Sampah Induk ANISA;BSI;A;953,64;953,64;0,00;0,00;953,64;0,00;0,00;Baringin;Baringin;Lima Kaum;Masyarakat
2021;2;Sumatera Barat;Kab. Pasaman;Bank Sampah Induk UD ZAINAL;BSI;A;912,50;912,50;0,00;0,00;912,50;0,00;0,00;Jalan Bulakan -;Tanjung Beringin;Lubuk Sikaping;Masyarakat
2021;2;Sumatera Barat;Kab. Pasaman;Bank Sampah Induk UD ZAINAL;BSI;A;912,50;912,50;0,00;0,00;912,50;0,00;0,00;Jalan Bulakan -;Tanjung Beringin;Lubuk Sikaping;Masyarakat
2021;2;Sumatera Barat;Kota Padang;Bank Sampah Unit Panca Daya;BSI;A;475.595,00;475.595,00;0,00;0,00;433.620,00;41.975,00;0,00;Jl. ByPass Belakang Kantor Camat Kuranji;Kalumbuk;Kuranji;LSM
2021;2;Sumatera Barat;Kota Padang;Bank Sampah Induk Sakinah;BSI;A;912,50;894,25;0,00;0,00;883,30;10,95;0,00;jl Bukit Ngalau;Batu gadang;Lubuk Kilangan;Masyarakat
2021;2;Sumatera Barat;Kota Solok;Bank Sampah Hanasty;BSI;A;237,25;237,25;0,00;0,00;237,25;0,00;0,00;Jalan Teneng No.7;Tanah Garam;Lubuk Sikarah;Masyarakat
2021;2;Sumatera Barat;Kota Sawahlunto;BSI CEMARA;BSI;A;365,00;108,88;0,00;0,00;108,88;0,00;0,00;Zainuddin Tembak;Lubang Panjang;Barangin;Masyarakat
2021;2;Sumatera Barat;Kota Padang Panjang;Bank Sampah Induk Bank Sampah Sarunai;BSI;A;13,07;12,96;0,00;0,29;11,50;1,17;0,00;Jl. Ar Rasuli  RT 5;Ekor Lubuk;Padang Panjang Timur;LSM
2021;2;Sumatera Barat;Kota Payakumbuh;Bank Sampah Induk Usaha Damai;BSI;A;4.015,00;4.015,00;0,00;0,00;4.015,00;0,00;0,00;Jl. Imam Bonjol;Padang Datar Tanah Mati;Payakumbuh Barat;LSM
2021;2;Riau;Kab. Siak;Bank Sampah Induk Pelangi;BSI;A;1.376,05;1.376,05;0,00;0,00;1.376,05;0,00;0,00;Jl. Panglima Udan 03/02;Kampung rempak;Siak;Pemda
2021;2;Riau;Kota Pekanbaru;Bank Sampah Induk Bukit Hijau Berlian;BSI;A;53,37;51,84;0,00;0,00;51,84;0,00;0,00;Jl. HR Soebrantas Komplek Perkantoran Kecamatan Tampan;Simpang Baru;Tampan;Pemda
2021;2;Riau;Kota Pekanbaru;Bank Sampah Induk BERLIAN LABUAI;BSI;A;23,41;19,89;0,00;0,00;0,00;19,89;0,00;EMBUN PAGI NO. 44 001 / 005;TANGKERANG LABUAI;BUKIT RAYA;Pemda
2021;2;Riau;Kota Pekanbaru;Bank Sampah Induk DALANG COLLECTION;BSI;A;54,75;54,75;0,00;0,00;54,75;0,00;0,00;JL. TEMU RASA RT.03 RW.02;REJOSARI;TENAYAN RAYA;Masyarakat
2021;2;Riau;Kota Pekanbaru;Bank Sampah Induk HIJAU LESTARI TERUS;BSI;A;2.011,52;2.011,52;0,00;0,00;1.933,41;78,11;0,00;Jl. Rawamangun;;;Pemda
2021;2;Riau;Kota Dumai;UD KARYA WIRA;BSI;A;547,50;547,50;0,00;0,00;547,50;0,00;0,00;Jalan Berlian desa/lelurah mundam;;;LSM
2021;2;Jambi;Kab. Merangin;Bank Sampah Induk Jaya Berkah;BSI;A;219,00;200,75;0,00;0,00;200,75;0,00;0,00;Jl. Lintas Sumatera KM 4 Dusun Bangko rt13 rw05;Dusun Bangko;Bangko;LSM
2021;2;Jambi;Kab. Merangin;Bank Sampah Induk Kurnia Ilahi;BSI;A;182,50;153,30;0,00;0,00;153,30;0,00;0,00;Jl. Lintas Sumatera Dusun Bangko rt12 rw05;Dusun Bangko;Bangko;LSM
2021;2;Jambi;Kab. Merangin;Bank Sampah Induk Jaya Berkah;BSI;A;219,00;200,75;0,00;0,00;200,75;0,00;0,00;Jl. Lintas Sumatera KM 4 Dusun Bangko rt13 rw05;Dusun Bangko;Bangko;LSM
2021;2;Jambi;Kab. Merangin;Bank Sampah Induk Kurnia Ilahi;BSI;A;182,50;153,30;0,00;0,00;153,30;0,00;0,00;Jl. Lintas Sumatera Dusun Bangko rt12 rw05;Dusun Bangko;Bangko;LSM
2021;2;Jambi;Kab. Bungo;Bank Sampah Induk BANK SAMPAH SETIA BUDI;BSI;A;256,23;178,16;0,00;0,00;178,16;0,00;0,00;Jl. Lintas Sumatra Km. 4 RT 13 RW 05;Sungai Binjai;Bathin III;LSM
2021;2;Jambi;Kota Jambi;Bank Sampah Induk Dream;BSI;A;182,50;182,50;0,00;0,00;182,50;0,00;0,00;H. Kamil 15;Wijayapura;Jambi Selatan;Masyarakat
2021;2;Sumatera Selatan;Kab. Muara Enim;Bank Sampah Induk Manfaat Bersama;BSI;A;107,68;48,55;0,00;0,00;48,55;0,00;0,00;Muara Enim;Muara Enim;Muara Enim;LSM
2021;2;Sumatera Selatan;Kab. Lahat;Bank Sampah Induk DP PARTNER;BSI;A;915,24;907,39;0,00;511,00;396,39;0,00;0,00;Jl. Alternatif Lintas Lahat Pagaralam Perumahan Bungamas Indikat Ilir;Desa Indikat Ilir;Gumay Talang;Masyarakat
2021;2;Sumatera Selatan;Kab. Lahat;Bank Sampah Induk DP PARTNER;BSI;A;915,24;907,39;0,00;511,00;396,39;0,00;0,00;Jl. Alternatif Lintas Lahat Pagaralam Perumahan Bungamas Indikat Ilir;Desa Indikat Ilir;Gumay Talang;Masyarakat
2021;2;Sumatera Selatan;Kab. Musi Banyuasin;Bank Sampah Induk PRIMA;BSI;A;529,25;529,25;0,00;0,00;529,25;0,00;0,00;INPRES PENJARA 018/ 001;SERASAN JAYA;SEKAYU;Masyarakat
2021;2;Sumatera Selatan;Kab. Musi Banyuasin;Bank Sampah Induk PRIMA;BSI;A;529,25;529,25;0,00;0,00;529,25;0,00;0,00;INPRES PENJARA 018/ 001;SERASAN JAYA;SEKAYU;Masyarakat
2021;2;Sumatera Selatan;Kab. Penukal Abab Lematang Ilir;BANK SAMPAH PALI;BSI;A;3,50;3,48;0,00;0,00;3,11;0,37;0,00;TALANG KEMANG RT.02/ RW.05 KEL. TALANG UBI SELATAN KEC. TALANG UBI;;;LSM
2021;2;Sumatera Selatan;Kota Prabumulih;Bank Sampah Induk Bank Sampah Prabumulih;BSI;A;25,55;25,47;0,00;3,66;19,94;1,87;0,00;JL. Arjuna 2 02/05;Wonosari;Prabumulih Utara;Masyarakat
2021;2;Bengkulu;Kab. Bengkulu Utara;Bank Sampah Induk Usaha Bersama;BSI;A;751.535,00;2.058,60;693,50;14,60;1.350,50;0,00;0,00;Jl.Raya Gunung Selan 001/003;Gunung Selan;Arga Makmur;Pemda
2021;2;Lampung;Kota Bandar Lampung;Bank Sampah Ragom Maju Jejama;BSI;A;7.665.000,00;26.473,45;0,00;25.466,05;507,35;500,05;0,00;Jl. Pramuka No.18;Beringin Raya;Kemiling;Pemda
2021;2;Lampung;Kota Metro;Bank Sampah Unit Sido Makmur;BSI;A;3.679.200,00;3.679.200,00;0,00;0,00;3.679.200,00;0,00;0,00;Jl. Lestari no.4;Karangrejo;Metro Utara;Masyarakat
2021;2;Lampung;Kota Metro;Bank Sampah Unit Wijaya Kusuma;BSI;A;1.489.200,00;1.489.200,00;0,00;0,00;1.489.200,00;0,00;0,00;Jln Labu Siam Rt.04/Rw.01;Tejoagung;Metro;Masyarakat
2021;2;Kepulauan Bangka Belitung;Kab. Belitung;BANK SAMPAH AKAR BEREBAT;BSI;A;14,60;13,18;0,00;0,00;12,45;0,73;0,00;JALAN YOS SUDARSO NO.01 TANJUNGPANDAN - BELITUNG;;;Pemda
2021;2;Kepulauan Riau;Kab. Bintan;Bank Sampah Induk Penyu Belimbing;BSI;A;660,65;627,80;0,00;131,40;496,40;0,00;0,00;Jl. Korindo Km.22 No.01 A RT.003/RW.01;Sungai Lekop;Bintan Timur;Masyarakat
2021;2;Kepulauan Riau;Kab. Bintan;Bank Sampah Induk Penyu Belimbing;BSI;A;660,65;627,80;0,00;131,40;496,40;0,00;0,00;Jl. Korindo Km.22 No.01 A RT.003/RW.01;Sungai Lekop;Bintan Timur;Masyarakat
2021;2;Kepulauan Riau;Kab. Karimun;Bank Sampah Induk al-baroqah;BSI;A;3.157,25;3.139,00;0,00;0,00;3.139,00;0,00;0,00;jln.ahmad yani;sungai lakam barat;karimun;Masyarakat
2021;2;Kepulauan Riau;Kab. Karimun;Bank Sampah Induk al-baroqah;BSI;A;3.157,25;3.139,00;0,00;0,00;3.139,00;0,00;0,00;jln.ahmad yani;sungai lakam barat;karimun;Masyarakat
2021;1;DKI Jakarta;Kota Adm. Jakarta Pusat;Bank Sampah Induk Jakarta Pusat;BSI;A;109,68;109,67;0,00;0,00;109,67;0,00;0,00;Komplek Perkantoran Rawa Kerbau Rawasari Selatan 16/02;Cempaka Putih Timur;Cempaka Putih;Masyarakat
2021;2;DKI Jakarta;Kota Adm. Jakarta Utara;MOUNTRES;BSI;A;200,75;0,00;0,00;0,00;0,00;0,00;0,00;Semper Barat;;;LSM
2021;2;DKI Jakarta;Kota Adm. Jakarta Barat;Bank Sampah Induk Satu Hati;BSI;A;2.920,00;2.920,00;0,00;0,00;2.920,00;0,00;0,00;Jalan Bina Serasi RT 005/RW 05;Cengkareng Barat;Cengkareng;Pemda
2021;2;DKI Jakarta;Kota Adm. Jakarta Selatan;Bank Sampah Induk;BSI;A;189,80;189,80;0,00;0,00;189,80;0,00;0,00;Jl. Menteng Pulo No.1;Kalibata;Pancoran;LSM
2021;2;Jawa Barat;Kab. Bandung;BSB Induk;BSI;A;1.825,00;1.825,00;0,00;0,00;1.825,00;0,00;0,00;Jln Terusan Bojongsoang no 174 A, Kamp MekarsariJln Terusan Bojongsoang no 174 A, Kamp Mekarsari 05 / 27;Bojongsoang;Bojongsoang;Masyarakat
2021;2;Jawa Barat;Kab. Bandung;Binangkit Sabilulungan Citaliktik;BSI;A;1.825.000,00;1.825,00;0,00;0,00;1.825,00;0,00;0,00;Soreang, Bandung, 40911;;;Pemda
2021;2;Jawa Barat;Kab. Ciamis;Bank Sampah Ciamis;BSI;A;1.277,50;1.256,51;29,93;0,00;1.220,20;6,39;0,00;Jl. Mr. Iwa Kusuma Sumantri No 21;Kertasari;Ciamis;Pemda
2021;2;Jawa Barat;Kab. Ciamis;ALHUDA (INDUK);BSI;A;36,50;36,50;0,00;0,00;36,50;0,00;0,00;TARIKOLOT;SITUMANDALA;Rancah;Masyarakat
2021;2;Jawa Barat;Kab. Cirebon;DUNIA BERSERI;BSI;A;36,50;36,50;0,00;0,00;36,50;0,00;0,00;Blok Jagatamu Lor;;;LSM
2021;2;Jawa Barat;Kab. Cirebon;DUNIA BERSERI;BSI;A;36,50;36,50;0,00;0,00;36,50;0,00;0,00;Blok Jagatamu Lor;;;LSM
2021;2;Jawa Barat;Kab. Sumedang;Jaya Makmur;BSI;A;164,25;160,60;0,00;0,00;160,60;0,00;0,00;Dusun Cijelag;;;LSM
2021;2;Jawa Barat;Kab. Indramayu;Rapih Mulya Mandiri;BSI;A;730,00;224,48;0,00;21,90;202,58;0,00;0,00;Jl. Telkom;;;LSM
2021;2;Jawa Barat;Kab. Indramayu;KSM CBO IBU TIN BERSERI;BSI;A;365,00;91,80;0,00;18,25;63,91;9,64;0,00;Desa Tinumpuk Rt.1/Rw.04;;;LSM
2021;2;Jawa Barat;Kota Sukabumi;Bank Sampah Induk BASMICI;BSI;A;1.628.265,00;1.628,27;0,00;0,00;1.628,27;0,00;0,00;Begeg;Cikondang;Citamiang;LSM
2021;2;Jawa Barat;Kota Bandung;Bank Sampah Induk Kota Bandung;BSI;A;1.365,10;1.365,10;0,00;0,00;1.365,10;0,00;0,00;Jl Babakan Sari 1 No.64;Babakan Sari;Kiaracondong;Pemda
2021;2;Jawa Barat;Kota Cirebon;Bank Sampah Secerah Pagi;BSI;A;15,83;15,83;0,00;0,00;15,83;0,00;0,00;RW 08 Merbabu Asih;Larangan;Harjamukti;Masyarakat
2021;2;Jawa Barat;Kota Cirebon;Bank Sampah Mekar Berseri;BSI;A;52,32;0,00;0,00;0,00;0,00;0,00;0,00;RW 09 Kesunean Selatan;Kesepuhan;Lemahwungkuk;Masyarakat
2021;2;Jawa Barat;Kota Bekasi;Bank Sampah Induk Patriot;BSI;A;37.595,00;0,00;0,00;0,00;0,00;0,00;0,00;Mustika Jaya;Mustika Jaya;Mustika Jaya;Masyarakat
2021;2;Jawa Barat;Kota Depok;Bank Sampah Induk Depok Hijau;BSI;A;329,03;329,00;0,00;0,00;304,33;24,67;0,00;Beji;Beji;Beji;Masyarakat
2021;2;Jawa Barat;Kota Depok;Bank Sampah Induk Rumah Harum;BSI;A;350,18;350,04;0,00;0,00;324,49;25,55;0,00;Merdeka no 1 005/01;Abadi Jaya;Sukmajaya;Masyarakat
2021;2;Jawa Barat;Kota Cimahi;SAMICI;BSI;A;392,38;389,58;0,00;0,00;389,58;0,00;0,00;KH. Usman Domiri no 15;Padasuka;Cimahi Tengah;LSM
2021;1;Jawa Barat;Kota Tasikmalaya;Bank Sampah Induk Resik;BSI;A;195,64;174,87;0,00;0,00;174,87;0,00;0,00;Jl. Noenoeng Tisnasaputra;Kahuripan;Tawang;Pemda
2021;2;Jawa Tengah;Kab. Cilacap;Bank Sampah Induk Cilacap;BSI;A;240,90;237,26;0,00;0,00;0,00;237,26;0,00;Jl. MT Haryono No. 74;Donan;Cilacap Tengah;LSM
2021;2;Jawa Tengah;Kab. Purworejo;Bank Sampah Induk TRI GUYUB RUKUN;BSI;A;62,25;62,25;0,00;0,00;62,25;0,00;0,00;Jl. Magelang KM 5;Trirejo;Loano;LSM
2021;2;Jawa Tengah;Kab. Wonogiri;Bank Sampah Induk Bina Tata Praja;BSI;A;10,59;10,59;0,00;3,65;6,94;0,00;0,00;Bulusulur;Bulusulur;Wonogiri;Pemda
2021;2;Jawa Tengah;Kab. Wonogiri;BANK SAMPAH BERSERI (KRANDEGAN);BSI;A;322,66;322,65;0,00;115,83;165,45;41,37;0,00;Dusun Kuniran RT 01 RW 07;;;Masyarakat
2021;2;Jawa Tengah;Kab. Sragen;Bank Sampah Induk Basuki;BSI;A;1.391,60;1.369,33;0,00;0,00;1.226,11;143,23;0,00;Kp. Sidoharjo;Sidoharjo;Sdoharjo;Masyarakat
2021;2;Jawa Tengah;Kab. Sragen;Bank Sampah Induk Murakabi;BSI;A;1.507,67;1.468,91;0,00;203,74;982,58;282,58;0,00;Kp. Kecik;Kecik;Tanon;Masyarakat
2021;2;Jawa Tengah;Kab. Blora;Berkah Mustika Poring;BSI;A;127,75;127,75;0,00;127,75;0,00;0,00;0,00;Ds. Temurejo;kalisangku;Blpra Kota;Masyarakat
2021;2;Jawa Tengah;Kab. Rembang;Bank Sampah Induk Kab. Rembang;BSI;A;214,15;214,15;0,00;0,00;214,15;0,00;0,00;Desa Mondoteko;Mondoteko;Rembang;Masyarakat
2021;2;Jawa Tengah;Kab. Pati;Bank Sampah Induk Kab. Pati;BSI;A;121,86;121,86;0,00;0,00;121,86;0,00;0,00;Jl Flamboyan 1, Perum Wijaya Kusuma, Desa Kutoharjo;-;Pati;Pemda
2021;2;Jawa Tengah;Kab. Semarang;BANK SAMPAH SERASI ( BSI );BSI;A;6.570,00;200,02;0,00;0,00;171,55;28,47;0,00;JL. W.R. SUPRATMAN;KARANGJATI;BERGAS;Pemda
2021;2;Jawa Tengah;Kab. Kendal;Bank Sampah Berkah Induk Resik Becik Kendal;BSI;A;7,80;7,80;0,00;0,58;7,22;0,00;0,00;Jalan Lingkar Pasar RT 06 RW VI Langenharjo, Kendal;Langenharjo;Kendal;Masyarakat
2021;2;Jawa Tengah;Kab. Pekalongan;BSI SAHABAT BUMI;BSI;A;219,00;131,04;0,00;56,58;74,46;0,00;0,00;Jl. Singosari No. 65;;;LSM
2021;2;Jawa Tengah;Kab. Pemalang;Bank Sampah Induk Karya Adipura;BSI;A;730,00;730,00;0,00;0,00;730,00;0,00;0,00;Jalan Ahmad Dahlan 4 Pemalang;Kebondalem;Pemalang;Pemda
2021;2;Jawa Tengah;Kota Magelang;Bank Sampah Induk LEMBAH TIDAR LESTARI;BSI;A;48,36;48,04;0,00;0,00;48,04;0,00;0,00;Pahlawan No 4;Magelang;Magelang Tengah;Pemda
2021;2;Jawa Tengah;Kota Semarang;BSI DLH Kota Semarang;BSI;A;153,52;153,27;0,00;0,00;153,27;0,00;0,00;Tapak Raya;Tugurejo;Tugurejo;Pemda
2021;2;Jawa Tengah;Kota Tegal;Bank Sampah Induk DEWI SHINTA;BSI;A;594,95;594,95;0,00;0,00;584,00;10,95;0,00;Jl. Adonara;Panggung;Tegal Timur;Masyarakat
2021;2;D.I. Yogyakarta;Kab. Kulon Progo;Dhuawar Sejahtera;BSI;A;512,68;512,68;0,00;0,00;512,68;0,00;0,00;Kroco RT 21 RW 12;Sendangsari;Pengasih;Masyarakat
2021;2;D.I. Yogyakarta;Kota Yogyakarta;Bank sampah Induk Jogja;BSI;A;9,14;9,14;0,00;0,00;9,14;0,00;0,00;Nitikan 43/11;Sorosutan;Umbulharjo;LSM
2021;2;Jawa Timur;Kab. Trenggalek;Bank Sampah Induk BANK SAMPAH PEMUDA;BSI;A;109,50;109,50;0,00;0,00;109,50;0,00;0,00;KAB. TRENGGALEK;;;Masyarakat
2021;2;Jawa Timur;Kab. Trenggalek;Bank Sampah Induk BANK SAMPAH MITRA GUMRINING;BSI;A;365,00;328,50;0,00;0,00;328,50;0,00;0,00;Trenggalek, Sukorejo, Gandusari, Trenggalek Regency, East Java 66372;Tugu;Gandusari;Masyarakat
2021;2;Jawa Timur;Kab. Trenggalek;BANK SAMPAH INDUK MEKAR JAYA;BSI;A;547,50;547,50;0,00;0,00;547,50;0,00;0,00;Trenggalek, Karangan, Trenggalek Regency, East Java 66361;Karangan;Karangan;Masyarakat
2021;2;Jawa Timur;Kab. Lumajang;Bank Sampah Induk KALPATARU LUMAJANG;BSI;A;207,59;207,59;0,00;54,75;146,66;6,18;0,00;JL. LANGSEP NO. 5;KEPUHARJO;LUMAJANG;Masyarakat
2021;2;Jawa Timur;Kab. Banyuwangi;Bank Sampah Induk Bank Sampah Banyuwangi;BSI;A;24,56;24,56;0,00;4,09;12,30;8,18;0,00;KAB. BANYUWANGI;;;LSM
2021;2;Jawa Timur;Kab. Situbondo;Bank Sampah Induk Situbondo;BSI;A;127,75;125,93;0,00;36,50;69,35;20,08;0,00;Jalan Baluran No 25 Dusun Pareyaan Utara RT 03 RW 01;Sumber Kolak;Panarukan;Pemda
2021;2;Jawa Timur;Kab. Situbondo;Bank Sampah Induk Situbondo;BSI;A;127,75;125,93;0,00;36,50;69,35;20,08;0,00;Jalan Baluran No 25 Dusun Pareyaan Utara RT 03 RW 01;Sumber Kolak;Panarukan;Pemda
2021;2;Jawa Timur;Kab. Nganjuk;Bank Sampah Induk SALEPOK OMAHE NGANJUK;BSI;A;357,70;357,70;0,00;0,00;326,31;31,39;0,00;Jalan Raya Kedondong  No. 1;Kedondong;Bagor;LSM
2021;2;Jawa Timur;Kab. Ngawi;Bank Sampah Induk Ngawi Ramah;BSI;A;602,25;570,06;0,00;304,78;265,28;0,00;0,00;Mojo;Karangasri;Ngawi;Masyarakat
2021;2;Jawa Timur;Kab. Bojonegoro;BSI PATROL 21;BSI;A;219,00;219,00;0,00;36,50;182,50;0,00;0,00;RT 13 RW 2;BANJARSARI;TRUCUK;Pemda
2021;2;Jawa Timur;Kab. Bojonegoro;BSI PATROL 21;BSI;A;219,00;219,00;0,00;36,50;182,50;0,00;0,00;RT 13 RW 2;BANJARSARI;TRUCUK;Pemda
2021;2;Jawa Timur;Kab. Tuban;Bank Sampah Induk ERTIGA;BSI;A;438,00;0,00;0,00;0,00;0,00;0,00;0,00;RT03 RW02;Baturetno;Tuban;LSM
2021;2;Jawa Timur;Kab. Tuban;Bank Sampah Induk ERTIGA;BSI;A;438,00;0,00;0,00;0,00;0,00;0,00;0,00;RT03 RW02;Baturetno;Tuban;LSM
2021;2;Jawa Timur;Kota Blitar;Bank Sampah Induk ORBIT;BSI;A;5,05;5,05;0,00;0,00;5,05;0,00;0,00;Nakulo RT 04 RW 06;Kepanjenlor;Kepanjenkidul;Masyarakat
2021;2;Jawa Timur;Kota Probolinggo;Bank Sampah Induk Bank Sampah Maspro Mesra;BSI;A;222,89;222,65;0,00;0,00;222,65;0,00;0,00;Jalan Anggrek;Sukabumi;Mayangan;Pemda
2021;2;Jawa Timur;Kota Pasuruan;SUROPATI;BSI;A;5,95;5,95;0,00;0,00;5,95;0,00;0,00;Jl. DR. Wahidin S.H. XI;PURUTREJO;PURWOREJO;LSM
2021;2;Jawa Timur;Kota Madiun;Bank Sampah Induk Kota Madiun;BSI;A;27,38;27,38;0,00;0,00;27,38;0,00;0,00;Candi Sewu;Madiun Lor;Manguharjo;Pemda
2021;2;Jawa Timur;Kota Surabaya;Bank Sampah Induk Surabaya - Yayasan Bina Bhakti Lingkungan;BSI;A;368,82;368,82;0,00;0,00;368,82;0,00;0,00;Jalan Ngagel Timur No. 26;Pucangsewu;Gubeng;LSM
2021;2;Jawa Timur;Kota Batu;Bank Sampah Induk ELHA;BSI;A;69,02;69,02;0,00;0,00;69,02;0,00;0,00;JL. Abdul Ghani Atas Gg. 4;Ngaglik;Batu;LSM
2021;2;Bali;Kab. Gianyar;"Bank Sampah Induk Bank Sampah Mitra Gianyar ""BAGUS""";BSI;A;365,00;365,00;0,00;0,00;0,00;365,00;0,00;Jalan Raya Temesi Dusun Temesi;Temesi;Gianyar;LSM
2021;2;Bali;Kab. Gianyar;Bank Sampah Induk Griya Luhu;BSI;A;109,50;109,50;0,00;0,00;109,50;0,00;0,00;Kelurahan Beng;;;LSM
2021;2;Bali;Kab. Gianyar;Bank Sampah Induk Parahita Padma Negara;BSI;A;0,00;0,00;0,00;0,00;0,00;0,00;0,00;Desa Bona,Blahbatuh;;;LSM
2021;2;Bali;Kab. Bangli;Dywik;BSI;A;1.403,52;1.403,41;0,00;14,44;1.388,97;0,00;0,00;Jl. DR. Ir. Suekarno Br. Siladan, Desa Tamanbali, Bangli;Tamanbali;Bangli;LSM
2021;2;Nusa Tenggara Barat;Kota Mataram;BANK SAMPAH LISAN DAN MATARAM MAGGOT CENTER KOTA MATARAM;BSI;A;547,50;547,50;521,95;0,00;25,55;0,00;0,00;JLN. TGH AHYAR ABDUH LINGKUNGAN KEBON TALO JAYA;AMPENAN UTARA;AMPENAN;LSM
2021;2;Kalimantan Tengah;Kab. Kapuas;Bank Sampah Induk SINAR HARAPAN MULIA;BSI;A;598,60;598,60;0,00;0,00;598,60;0,00;0,00;Jl. Pemuda KM. 5,5 Komplek Perumahan Sosial -;Selat Utara;Selat;Masyarakat
2021;2;Kalimantan Tengah;Kab. Barito Utara;Bank Sampah Induk BANK SAMPAH DINAS LINGKUNGAN HIDUP KABUPATEN BARITO UTARA;BSI;A;25,55;25,55;0,00;0,00;25,55;0,00;0,00;SIMPANG PRAMUKA I;LANJAS;TEWEH TENGAH;Pemda
2021;2;Kalimantan Tengah;Kab. Barito Utara;Bank Sampah Induk BANK SAMPAH DINAS PUPR KABUPATEN BARITO UTARA;BSI;A;25,55;25,55;0,00;0,00;25,55;0,00;0,00;PENDREH;MELAYU;TEWEH TENGAH;Pemda
2021;2;Kalimantan Tengah;Kota Palangkaraya;Bank Sampah Induk;BSI;A;1,83;1,50;0,00;0,00;1,50;0,00;0,00;Jalan  Anoi;;;LSM
2021;2;Kalimantan Selatan;Kab. Tanah Laut;BANK SAMPAH INDUK TPA BAKUNCI;BSI;A;208,05;208,05;0,00;0,00;208,05;0,00;0,00;Jalan Matah;Karang Taruna;Pelaihari;Pemda
2021;2;Kalimantan Selatan;Kab. Tanah Laut;BANK SAMPAH INDUK TPA BAKUNCI;BSI;A;208,05;208,05;0,00;0,00;208,05;0,00;0,00;Jalan Matah;Karang Taruna;Pelaihari;Pemda
2021;2;Kalimantan Selatan;Kab. Barito Kuala;Bank Sampah Induk Kuala Lupak;BSI;A;365,00;361,35;146,00;135,05;45,63;34,68;0,00;Desa Kuala Lupak;Desa Kuala Lupak;Tabunganen;Pemda
2021;2;Kalimantan Selatan;Kab. Barito Kuala;Bank Sampah Induk Mulia Abadi;BSI;A;547,50;547,50;182,50;219,00;102,93;43,07;0,00;Basahap Baru;Desa Sungai Raya;Cebon;Pemda
2021;2;Kalimantan Selatan;Kab. Barito Kuala;Bank Sampah Induk Kuala Lupak;BSI;A;365,00;361,35;146,00;135,05;45,63;34,68;0,00;Desa Kuala Lupak;Desa Kuala Lupak;Tabunganen;Pemda
2021;2;Kalimantan Selatan;Kab. Barito Kuala;Bank Sampah Induk Mulia Abadi;BSI;A;547,50;547,50;182,50;219,00;102,93;43,07;0,00;Basahap Baru;Desa Sungai Raya;Cebon;Pemda
2021;2;Kalimantan Selatan;Kab. Tapin;Bank Sampah Induk Tapin;BSI;A;675,25;668,68;0,00;0,00;668,68;0,00;0,00;Gubernur H.Aberani Sulaiman RT.011 / RW.02;Rantau Kiwa;Tapin Utara;Pemda
2021;2;Kalimantan Selatan;Kab. Hulu Sungai Selatan;Bank Sampah Induk Hulu Sungai Selatan;BSI;A;255,50;251,85;0,00;0,00;219,00;32,85;0,00;Panyumbalihan  IV/4;KANDANGAN BARAT;KANDANGAN;Pemda
2021;2;Kalimantan Selatan;Kab. Hulu Sungai Selatan;Bank Sampah Induk Hulu Sungai Selatan;BSI;A;255,50;251,85;0,00;0,00;219,00;32,85;0,00;Panyumbalihan  IV/4;KANDANGAN BARAT;KANDANGAN;Pemda
2021;2;Kalimantan Selatan;Kab. Hulu Sungai Tengah;Bank Sampah Murakata Induk 001 DLHP;BSI;A;86,51;86,14;0,00;0,00;85,05;1,10;0,00;Jalan Sungai Tabuk Halaman Dinas LHP;;;Pemda
2021;2;Kalimantan Selatan;Kab. Hulu Sungai Tengah;Bank Sampah Urban Dewan;BSI;A;36,50;25,33;0,00;0,00;25,33;0,00;0,00;Kelurahan Bukat;;;Masyarakat
2021;2;Kalimantan Selatan;Kab. Hulu Sungai Utara;BUNCU ELHA;BSI;A;437,27;437,27;0,00;0,00;437,27;0,00;0,00;Jl. Sukmaraga RT 7;Sungai Malang;Amuntai Tengah;Masyarakat
2021;2;Kalimantan Selatan;Kab. Tanah Bumbu;Bank Sampah Induk Batulicin;BSI;A;32,85;24,46;1,83;0,00;22,63;0,00;0,00;Dharma Praja;Gunung Tinggi;Batulicin;Pemda
2021;1;Kalimantan Selatan;Kota Banjarmasin;BSI BAIMAN;BSI;A;0,00;0,00;0,00;0,00;0,00;0,00;0,00;HKSN 10;Alalak Utara;Banjarmasin Utara;LSM
2021;2;Kalimantan Timur;Kab. Paser;Bank Sampah Induk Mahabbah;BSI;A;180,78;111,78;0,00;0,00;111,04;0,74;0,00;Jl. Kusuma Bangsa;Tepian Batang;Tanah Grogot;Pemda
2021;2;Kalimantan Timur;Kab. Paser;Bank Sampah Induk Mahabbah;BSI;A;180,78;111,78;0,00;0,00;111,04;0,74;0,00;Jl. Kusuma Bangsa;Tepian Batang;Tanah Grogot;Pemda
2021;2;Kalimantan Timur;Kab. Kutai Timur;Bank Sampah RKPL;BSI;A;219.000,00;0,00;0,00;0,00;0,00;0,00;0,00;Kabo;Swargabara;Samgatta Utara;Masyarakat
2021;2;Kalimantan Timur;Kab. Penajam Paser Utara;Bank Sampah Induk Benuo Taka;BSI;A;187,50;16,32;0,00;2,19;9,75;4,38;0,00;Nenang;Nenang;Penajam;Pemda
2021;2;Kalimantan Timur;Kab. Penajam Paser Utara;Bank Sampah Induk Benuo Taka;BSI;A;187,50;16,32;0,00;2,19;9,75;4,38;0,00;Nenang;Nenang;Penajam;Pemda
2021;2;Kalimantan Timur;Kota Balikpapan;Bank Sampah Induk I;BSI;A;394,20;286,01;0,00;0,00;286,01;0,00;0,00;Jl. Proklamasi;Manggar;Balikpapan Timur;Masyarakat
2021;2;Kalimantan Timur;Kota Bontang;Bessai Berinta;BSI;A;75,19;64,97;0,00;0,00;64,97;0,00;0,00;Jl. Kapten Piere Tendean RT. 09;Kelurahan Bontang Kuala;Bontang Utara;Pemda
2021;2;Kalimantan Utara;Kab. Nunukan;Bank Sampah Induk Nunukan;BSI;A;0,99;0,96;0,00;0,00;0,96;0,00;0,00;Jl. Tunggal Tanggul;Nunukan Barat;Nunukan;Pemda
2021;2;Sulawesi Utara;Kab. Minahasa Selatan;Bank Sampah Kace Kai Ang;BSI;A;1.825,00;627,44;49,28;1,46;478,15;98,55;0,00;TPA Mobongo;Kawangkoan Bawah;Amurang Barat;Masyarakat
2021;2;Sulawesi Tengah;Kab. Donggala;Bank Sampah Induk Donggala Jaya;BSI;A;912,50;912,50;0,00;365,00;547,50;0,00;0,00;Jl. Labuan Bajo;Labuan Bajo;Banawa;Masyarakat
2021;2;Sulawesi Tengah;Kab. Parigi Moutong;Parigita;BSI;A;4,75;4,38;0,00;3,29;1,10;0,00;0,00;Jl. Kampali Kompleks perkantoran Desa Bambalemo;Desa Bambalembo;Parigi;
2021;2;Sulawesi Tengah;Kab. Parigi Moutong;SMK Alkhairat Parigi;BSI;A;98,55;94,90;0,00;0,00;94,90;0,00;0,00;Jl. Ki Khajar Dewantara No 053;;;LSM
2021;2;Sulawesi Selatan;Kab. Kepulauan Selayar;Bank Sampah Tanadoang;BSI;A;63,15;63,15;0,00;0,00;63,15;0,00;0,00;Jalan Metro No 1 Benteng;Benteng Utara;Benteng;Pemda
2021;2;Sulawesi Selatan;Kab. Bulukumba;Bank Sampah Induk MANDIRI;BSI;A;1.029,30;1.029,30;0,00;150,38;878,92;0,00;0,00;KOMP.TAMAN KOTA;LOKA;UJUNG BULU;LSM
2021;2;Sulawesi Selatan;Kab. Bantaeng;Bank Sampah Induk Butta Toa;BSI;A;217,18;216,11;0,00;13,87;202,24;0,00;0,00;Bonto Sunggu;Bonto Sunggu;Bissappu;Pemda
2021;2;Sulawesi Selatan;Kab. Sinjai;Bank Sampah Induk Bank Sampah Sinjai Bersatu;BSI;A;36,71;36,14;0,00;0,00;29,51;6,63;0,00;Persatuan Raya No. 141;Biringere;Sinjai Utara;Pemda
2021;2;Sulawesi Selatan;Kab. Bone;Bank Sampah Induk MABESSA;BSI;A;21,90;20,54;0,00;0,00;18,79;1,75;0,00;Jl. Lappawawoi Kr. Sigeri;Biru;Tanete Riattang;Pemda
2021;2;Sulawesi Selatan;Kab. Bone;Bank Sampah Induk MABESSA;BSI;A;21,90;20,54;0,00;0,00;18,79;1,75;0,00;Jl. Lappawawoi Kr. Sigeri;Biru;Tanete Riattang;Pemda
2021;2;Sulawesi Selatan;Kab. Maros;BANK SAMPAH INDUK TURIKALE;BSI;A;547,50;547,50;0,00;0,00;547,50;0,00;0,00;Jl. Nasrum Amrullah;Pettuadae;Turikale;LSM
2021;2;Sulawesi Selatan;Kab. Pangkajene Kepulauan;BANK SAMPAH INDUK RAHMAWATI;BSI;A;12,96;11,17;0,00;0,00;11,17;0,00;0,00;JL. SULTAN HASANUDDIN;PADOANG-DOANGAN;PANGKAJENE;Masyarakat
2021;2;Sulawesi Selatan;Kab. Barru;Bank Sampah Induk LESTARI;BSI;A;58,40;40,89;0,00;0,00;40,89;0,00;0,00;Bottolai;Coppo;Barru;Masyarakat
2021;2;Sulawesi Selatan;Kab. Barru;Bank Sampah Induk ANUGERAH ALAM;BSI;A;43,80;40,88;0,00;0,00;40,88;0,00;0,00;Jl. Tinumbu;Mangempang;Barru;Masyarakat
2021;2;Sulawesi Selatan;Kab. Barru;Bank Sampah Induk LESTARI;BSI;A;58,40;40,89;0,00;0,00;40,89;0,00;0,00;Bottolai;Coppo;Barru;Masyarakat
2021;2;Sulawesi Selatan;Kab. Barru;Bank Sampah Induk ANUGERAH ALAM;BSI;A;43,80;40,88;0,00;0,00;40,88;0,00;0,00;Jl. Tinumbu;Mangempang;Barru;Masyarakat
2021;2;Sulawesi Selatan;Kab. Soppeng;"Bank Sampah Induk ""Mappepaccing""";BSI;A;0,83;0,62;0,00;0,00;0,62;0,00;0,00;Lempa;Lalabata Rilau;Lalabata;Pemda
2021;2;Sulawesi Selatan;Kab. Soppeng;"Bank Sampah Induk ""Mappepaccing""";BSI;A;0,83;0,62;0,00;0,00;0,62;0,00;0,00;Lempa;Lalabata Rilau;Lalabata;Pemda
2021;1;Sulawesi Selatan;Kab. Sidenreng Rappang;Bank Sampah Induk Sidrap;BSI;A;11,68;10,62;0,00;0,00;10,62;0,00;0,00;Jalan Ressan No. 3 Pangkajene Sidenreng;Majjelling;Maritengngae;LSM
2021;1;Sulawesi Selatan;Kab. Sidenreng Rappang;Bank Sampah Induk Sidrap;BSI;A;11,68;10,62;0,00;0,00;10,62;0,00;0,00;Jalan Ressan No. 3 Pangkajene Sidenreng;Majjelling;Maritengngae;LSM
2021;2;Sulawesi Selatan;Kab. Pinrang;Bank sampah peduli pinrang;BSI;A;1.460,00;1.157,05;0,00;0,00;1.157,05;0,00;0,00;Jl. Bulu Saraung;;;Masyarakat
2021;2;Sulawesi Selatan;Kab. Enrekang;Bank Sampah Induk BANK SAMPAH PUSAT ENREKANG;BSI;A;1.460,00;1.460,00;0,00;0,00;1.460,00;0,00;0,00;JL. JENDERAL SUDIRMAN NO. 22;KELURAHAN LEORAN;ENREKANG;LSM
2021;2;Sulawesi Selatan;Kab. Luwu Timur;Bank Sampah Luwu Timur (BSLT);BSI;A;91,25;91,25;0,00;0,00;91,25;0,00;0,00;R.A. Kartini;Puncak Indah;Malili;Masyarakat
2021;2;Sulawesi Selatan;Kota Makassar;Bank Sampah Induk UPT. Bank Sampah Kota Makassar;BSI;A;489,10;448,95;0,00;0,00;448,95;0,00;0,00;Toddopuli Raya Timur;Pandang;Panakkukang;Pemda
2021;2;Sulawesi Selatan;Kota Parepare;Bank Sampah Labukkang;BSI;A;10,04;9,67;0,00;0,00;9,67;0,00;0,00;Jl. Mattirotasi;;;Masyarakat
2021;2;Sulawesi Selatan;Kota Parepare;Bank Sampah Peduli;BSI;A;8,03;7,48;0,00;0,00;7,48;0,00;0,00;Jl. H. A. Arsyad;;;Masyarakat
2021;2;Sulawesi Selatan;Kota Palopo;Bank Sampah Induk Mappacing;BSI;A;18,25;15,33;0,00;0,00;15,33;0,00;0,00;Dr.Ratulangi;Batuwalenrang;Telluwanua;LSM
2021;2;Gorontalo;Kota Gorontalo;Bank Sampah Induk ILOHELUMA;BSI;A;620,50;543,85;32,85;0,00;511,00;0,00;0,00;KOTA GORONTALO;;;Pemda
2021;2;Sulawesi Barat;Kab. Mamuju;Bank Sampah Manakarra Keren;BSI;A;199.231,60;199.231,60;0,00;0,00;199.231,60;0,00;0,00;Jl. Soekarno Hatta;;;Pemda
2021;2;Sulawesi Barat;Kab. Mamuju;Bank Sampah Manakarra Keren;BSI;A;199.231,60;199.231,60;0,00;0,00;199.231,60;0,00;0,00;Jl. Soekarno Hatta;;;Pemda
2021;2;Maluku;Kab. Maluku Tengah;BANK SAMPAH DLH MALUKU TENGAH;BSI;A;11,68;11,68;0,00;0,00;11,68;0,00;0,00;JL. R.A. KARTINI - MASOHI;;;Pemda
2021;2;Maluku;Kab. Maluku Tengah;BANK SAMPAH DLH MALUKU TENGAH;BSI;A;11,68;11,68;0,00;0,00;11,68;0,00;0,00;JL. R.A. KARTINI - MASOHI;;;Pemda
2021;2;Papua;Kab. Jayapura;KENAMBAI UMBAI;BSI;A;6.278,00;3.942,00;0,00;0,00;3.102,50;839,50;0,00;Jalan Komba RT 03 / RW 03;;;LSM
2021;2;Papua;Kab. Biak Numfor;Bank Sampah Biak (BSB);BSI;A;734,85;734,85;0,00;328,50;401,50;4,85;0,00;Jl. Pasar Darfuar Biak;Kelurahan Brambaken;Distrik Samofa;Pemda
2021;2;Papua;Kab. Biak Numfor;Bank Sampah Biak (BSB);BSI;A;734,85;734,85;0,00;328,50;401,50;4,85;0,00;Jl. Pasar Darfuar Biak;Kelurahan Brambaken;Distrik Samofa;Pemda
2021;1;Papua Barat;Kab. Manokwari;Bank Sampah Induk DLHP Kab. Manokwari;BSI;A;0,00;0,00;0,00;0,00;0,00;0,00;0,00;Kantor Dinas Lingkungan Hidup dan Pertanahan Kab. Manokwari, Jl. Pahlawan No. 1;Sanggeng;Manokwari Barat;Pemda
2020;2;Sumatera Utara;Kab. Deli Serdang;Bank Sampah Induk SUNGGAL MANDIRI;BSI;A;912,50;912,50;0,00;0,00;912,50;0,00;0,00;Bintang Terang Gg. Asem XVII;Muliorejo;Sunggal;Masyarakat
2020;2;Sumatera Utara;Kab. Deli Serdang;BANK SAMPAH INDUK BERSERI;BSI;A;489,65;489,10;0,00;0,00;489,10;0,00;0,00;Jalan Inpres;;;Masyarakat
2020;2;Riau;Kab. Siak;Bank Sampah Induk Pelangi;BSI;A;73,00;69,35;0,00;7,30;54,75;7,30;0,00;Jl. Panglima Udan 03/02;Kampung rempak;Siak;Pemda
2020;1;Lampung;Kota Bandar Lampung;Bank Sampah Ragom Maju Jejama;BSI;A;7.665.000,00;37.642,45;0,00;7.639,45;15.001,50;15.001,50;0,00;Jl. Pramuka No.18;Beringin Raya;Kemiling;Pemda
2020;2;Lampung;Kota Metro;Bank Sampah Unit Sido Makmur;BSI;A;17.520.000,00;17.520.000,00;0,00;0,00;17.520.000,00;0,00;0,00;Jl. Lestari no.4;Karangrejo;Metro Utara;Masyarakat
2020;2;Lampung;Kota Metro;Bank Sampah Unit Wijaya Kusuma;BSI;A;1.460.000,00;1.460.000,00;0,00;0,00;1.460.000,00;0,00;0,00;Jln Labu Siam Rt.04/Rw.01;Tejoagung;Metro;Masyarakat
2020;2;Kepulauan Riau;Kota Batam;BANK SAMPAH INDUK BATAM;BSI;A;57,01;56,94;0,00;18,25;38,69;0,00;0,00;PATTIMURA;KABIL;NONGSA;Pemda
2020;2;Jawa Barat;Kota Bandung;Bank Sampah Induk Kota Bandung;BSI;A;1.376,05;1.376,02;0,00;0,00;1.376,02;0,00;0,00;Jl Babakan Sari 1 No.64;Babakan Sari;Kiaracondong;Pemda
2020;2;Jawa Barat;Kota Bandung;Bank Sampah Hijau Lestari;BSI;A;21,90;20,32;0,00;0,00;20,32;0,00;0,00;Jl. Jendral Ahmad Yani No.752;Cicaheum;Kiaracondong;LSM
2020;2;Jawa Barat;Kota Cimahi;SAMICI;BSI;A;392,38;356,73;0,00;0,00;356,73;0,00;0,00;KH. Usman Domiri no 15;Padasuka;Cimahi Tengah;LSM
2020;2;Jawa Tengah;Kab. Sragen;Bank Sampah Induk Basuki;BSI;A;1.025,14;1.018,24;0,00;0,00;874,28;143,96;0,00;Kp. Sidoharjo;Sidoharjo;Sdoharjo;Masyarakat
2020;2;Jawa Tengah;Kab. Sragen;Bank Sampah Induk Murakabi;BSI;A;11.640.580,00;1.138,36;0,00;224,29;637,66;276,41;0,00;Kp. Kecik;Kecik;Tanon;Masyarakat
2020;2;Jawa Timur;Kota Mojokerto;Bank Sampah Induk Kota Mojokerto;BSI;A;87,60;87,60;0,00;0,00;87,60;0,00;0,00;JL. TPA RANDEGAN;Kedundung;Magersari;LSM
2020;2;Bali;Kab. Bangli;Dywik;BSI;A;356,97;354,08;0,00;109,50;244,56;0,01;0,00;Jl. DR. Ir. Suekarno Br. Siladan, Desa Tamanbali, Bangli;Tamanbali;Bangli;LSM
2020;2;Kalimantan Selatan;Kab. Tabalong;Bank Sampah Induk Dewa Ruchi;BSI;A;0,00;0,00;0,00;0,00;0,00;0,00;0,00;Jl. Pembangunan 1 RT 03;Tanta;Tanta;Masyarakat
2020;2;Sulawesi Barat;Kab. Mamuju;Bank Sampah Manakarra Keren;BSI;A;468.119,80;468.116,15;0,00;0,00;468.116,15;0,00;0,00;Jl. Soekarno Hatta;;;Pemda
2019;2;Riau;Kab. Siak;Bank Sampah Induk Pelangi;BSI;A;127,75;94,90;0,00;10,95;73,00;10,95;0,00;Jl. Panglima Udan 03/02;Kampung rempak;Siak;Pemda
2019;2;Jawa Tengah;Kab. Sragen;Bank Sampah Induk Basuki;BSI;A;626,92;626,92;0,00;0,00;555,31;71,61;0,00;Kp. Sidoharjo;Sidoharjo;Sdoharjo;Masyarakat
2019;2;Jawa Tengah;Kab. Sragen;Bank Sampah Induk Murakabi;BSI;A;680,03;680,03;0,00;148,23;317,92;213,89;0,00;Kp. Kecik;Kecik;Tanon;Masyarakat
2019;2;Bali;Kab. Bangli;Dywik;BSI;A;730,00;728,18;0,00;4,38;722,70;1,10;0,00;Jl. DR. Ir. Suekarno Br. Siladan, Desa Tamanbali, Bangli;Tamanbali;Bangli;LSM
